,Place_Grew_Up,Price_Importance,Brand_Importance,Peer_Importance,Utility_Importance,Track_Bank_Balance,Track_None,Track_Payment_Apps,Track_Apps_Spreadsheet,Graph_Irregular_Random,Graph_Spike_Then_Low,Graph_High_Weekends,Graph_Uniform_Daily,Expenditure_Graph_nan,Emergency(JBS),Discounts(JBS),Party(JBS),Workshop(JBS),Trip(JBS),Unplanned_Purchases,Monthly_Spend,Peer_Influence,Finance_Confidence,Budget_FoodDining,Budget_Travel,Budget_Fashion,Budget_Subscriptions,Budget_Entertainment,Group,Risk_score
0,2.0,2.0,1.0,0.0,2.0,0.0,0.0,1.0,0.0,1.0,0.0,0.0,0.0,0.0,0,0,0,0,0,0.25,3,0.5,0.75,0,1,0,0,0,1,2.66
1,1.0,2.0,1.0,1.0,2.0,0.0,0.0,1.0,0.0,0.0,0.0,1.0,0.0,0.0,0,0,0,0,1,0.5,4,0.5,0.75,1,0,0,0,0,2,48.22
2,0.0,2.0,2.0,2.0,2.0,0.0,0.0,1.0,0.0,0.0,0.0,1.0,0.0,0.0,0,1,1,0,1,1.0,10,0.75,0.75,1,1,1,1,1,3,99.61
3,1.0,2.0,2.0,1.0,2.0,0.0,0.0,1.0,0.0,0.0,1.0,0.0,0.0,0.0,0,0,1,0,1,0.25,4,0.5,0.5,0,1,0,0,0,2,48.18
4,0.0,2.0,2.0,2.0,2.0,0.0,0.0,1.0,0.0,0.0,0.0,1.0,0.0,0.0,0,1,1,0,1,1.0,10,0.75,0.75,1,1,1,1,1,3,99.61
5,1.0,2.0,1.0,1.0,2.0,0.0,0.0,1.0,0.0,1.0,0.0,0.0,0.0,0.0,0,0,0,0,0,0.25,3,0.0,0.5,1,1,1,0,0,1,2.54
6,1.0,2.0,1.0,1.0,2.0,1.0,0.0,0.0,0.0,1.0,0.0,0.0,0.0,0.0,0,0,0,0,0,0.5,5,0.25,0.75,1,0,0,0,0,2,48.21
7,1.0,2.0,0.0,1.0,2.0,0.0,0.0,1.0,0.0,1.0,0.0,0.0,0.0,0.0,0,0,0,0,0,0.25,1,0.5,0.5,1,1,1,0,0,1,2.5
8,2.0,2.0,2.0,2.0,2.0,0.0,0.0,0.0,1.0,0.0,1.0,0.0,0.0,0.0,0,1,1,0,1,0.75,10,1.0,0.75,1,1,1,1,1,3,99.29
9,2.0,2.0,1.0,2.0,0.0,0.0,0.0,1.0,0.0,1.0,0.0,0.0,0.0,0.0,0,0,0,0,0,0.75,9,0.5,0.0,1,0,0,0,0,3,98.98
10,3.0,2.0,1.0,1.0,0.0,0.0,0.0,0.0,1.0,1.0,0.0,0.0,0.0,0.0,0,1,0,0,0,0.25,3,0.0,0.75,1,1,1,0,0,1,4.89
11,3.0,1.0,0.0,0.0,1.0,1.0,0.0,0.0,0.0,1.0,0.0,0.0,0.0,0.0,0,0,0,0,1,0.25,1,0.75,0.75,1,1,1,1,1,1,7.36
12,1.0,1.0,1.0,1.0,1.0,0.0,1.0,0.0,0.0,0.0,0.0,0.0,1.0,0.0,0,1,1,0,1,0.25,10,0.5,0.25,1,0,0,0,0,3,98.64
13,1.0,1.0,2.0,2.0,2.0,1.0,0.0,0.0,0.0,0.0,0.0,0.0,1.0,0.0,0,0,0,0,1,0.5,8,1.0,1.0,1,0,0,0,1,3,98.93
14,1.0,2.0,1.0,1.0,2.0,1.0,0.0,0.0,0.0,1.0,0.0,0.0,0.0,0.0,0,0,0,0,0,0.5,5,0.25,0.75,1,0,0,0,0,2,48.21
15,0.0,0.0,1.0,1.0,1.0,0.0,1.0,0.0,0.0,0.0,0.0,1.0,0.0,0.0,0,1,1,0,0,1.0,9,1.0,0.25,1,0,1,0,0,3,99.82
16,2.0,1.0,1.0,1.0,2.0,0.0,0.0,0.0,1.0,1.0,0.0,0.0,0.0,0.0,0,0,0,0,1,0.5,5,0.75,0.5,1,1,0,0,1,2,48.49
17,0.0,0.0,1.0,2.0,1.0,1.0,0.0,0.0,0.0,0.0,0.0,1.0,0.0,0.0,0,0,1,0,0,1.0,10,1.0,0.25,0,1,1,1,0,3,100.0
18,2.0,2.0,0.0,1.0,2.0,0.0,0.0,1.0,0.0,0.0,1.0,0.0,0.0,0.0,0,0,0,0,1,0.5,2,0.25,0.5,1,1,1,0,0,1,3.1
19,1.0,1.0,1.0,2.0,2.0,0.0,1.0,0.0,0.0,1.0,0.0,0.0,0.0,0.0,0,0,1,0,0,1.0,9,1.0,0.75,1,1,1,0,1,3,99.79
20,1.0,2.0,1.0,0.0,2.0,0.0,0.0,1.0,0.0,0.0,0.0,1.0,0.0,0.0,0,1,0,0,0,0.75,6,0.25,1.0,0,0,1,0,0,2,48.89
21,1.0,2.0,2.0,1.0,2.0,0.0,0.0,1.0,0.0,0.0,1.0,0.0,0.0,0.0,0,0,1,0,1,0.25,4,0.5,0.75,0,1,0,0,0,2,48.18
22,2.0,2.0,1.0,1.0,2.0,0.0,0.0,1.0,0.0,0.0,0.0,1.0,0.0,0.0,0,0,0,0,1,0.5,3,0.75,0.5,1,0,0,0,0,1,4.27
23,2.0,2.0,1.0,2.0,1.0,0.0,0.0,1.0,0.0,1.0,0.0,0.0,0.0,0.0,0,0,0,0,0,0.75,9,0.5,0.25,1,0,0,0,0,3,98.93
24,1.0,1.0,1.0,0.0,1.0,0.0,1.0,0.0,0.0,1.0,0.0,0.0,0.0,0.0,0,0,0,0,0,0.5,10,0.25,1.0,1,1,0,1,1,3,98.78
25,1.0,2.0,1.0,1.0,2.0,0.0,0.0,0.0,1.0,0.0,0.0,0.0,1.0,0.0,0,0,0,0,0,0.0,10,0.5,1.0,1,1,0,1,0,3,98.93
26,1.0,2.0,0.0,0.0,2.0,1.0,0.0,0.0,0.0,1.0,0.0,0.0,0.0,0.0,0,0,0,0,0,0.75,2,0.5,0.0,1,0,0,0,0,1,7.81
27,1.0,1.0,1.0,0.0,1.0,0.0,1.0,0.0,0.0,1.0,0.0,0.0,0.0,0.0,0,0,0,0,0,0.5,10,0.25,1.0,1,1,0,1,1,3,98.78
28,1.0,2.0,1.0,1.0,2.0,0.0,0.0,1.0,0.0,0.0,0.0,1.0,0.0,0.0,0,0,0,0,1,0.5,4,0.75,1.0,1,0,0,0,0,2,48.46
29,0.0,0.0,0.0,1.0,1.0,0.0,1.0,0.0,0.0,1.0,0.0,0.0,0.0,0.0,0,1,1,0,0,0.75,10,0.75,0.5,0,0,0,1,1,3,99.31
30,3.0,1.0,0.0,1.0,0.0,0.0,1.0,0.0,0.0,1.0,0.0,0.0,0.0,0.0,0,1,0,0,0,0.25,2,0.0,0.0,1,0,0,0,0,1,6.57
31,1.0,1.0,1.0,0.0,0.0,0.0,1.0,0.0,0.0,0.0,1.0,0.0,0.0,0.0,0,0,0,0,0,0.5,4,0.25,0.5,0,1,0,0,0,2,48.33
32,1.0,1.0,2.0,1.0,2.0,0.0,0.0,1.0,0.0,1.0,0.0,0.0,0.0,0.0,0,0,0,0,0,0.0,9,0.0,0.75,1,1,0,0,0,3,98.76
33,1.0,1.0,1.0,0.0,0.0,0.0,1.0,0.0,0.0,0.0,1.0,0.0,0.0,0.0,0,0,0,0,0,0.5,4,0.25,0.5,0,1,0,0,0,2,48.33
34,0.0,1.0,2.0,2.0,2.0,0.0,0.0,1.0,0.0,0.0,0.0,1.0,0.0,0.0,0,1,1,0,1,1.0,10,0.75,0.5,1,1,1,1,1,3,99.62
35,1.0,2.0,2.0,0.0,2.0,0.0,0.0,1.0,0.0,1.0,0.0,0.0,0.0,0.0,0,0,0,0,1,0.0,2,0.0,0.75,1,1,0,0,0,1,5.31
36,0.0,2.0,1.0,1.0,2.0,0.0,0.0,0.0,1.0,1.0,0.0,0.0,0.0,0.0,0,0,0,0,1,0.0,3,0.75,1.0,1,1,0,0,1,1,6.74
37,1.0,2.0,1.0,1.0,2.0,0.0,0.0,1.0,0.0,0.0,0.0,1.0,0.0,0.0,0,0,0,0,1,0.5,4,0.75,1.0,1,0,0,0,0,2,48.46
38,2.0,1.0,1.0,2.0,0.0,0.0,0.0,1.0,0.0,0.0,0.0,0.0,1.0,0.0,0,0,0,0,0,0.25,1,0.25,1.0,0,1,0,0,0,1,3.85
39,1.0,2.0,1.0,1.0,2.0,1.0,0.0,0.0,0.0,1.0,0.0,0.0,0.0,0.0,0,0,0,0,0,0.5,5,0.25,0.75,1,0,0,0,0,2,48.21
40,1.0,1.0,1.0,0.0,1.0,0.0,1.0,0.0,0.0,1.0,0.0,0.0,0.0,0.0,0,0,0,0,0,0.75,10,0.25,1.0,1,1,0,1,1,3,99.05
41,1.0,1.0,1.0,1.0,1.0,0.0,0.0,0.0,1.0,1.0,0.0,0.0,0.0,0.0,0,0,0,0,1,0.25,4,0.5,0.75,0,1,0,1,1,2,48.45
42,3.0,2.0,1.0,2.0,1.0,0.0,0.0,0.0,1.0,1.0,0.0,0.0,0.0,0.0,0,1,0,0,0,0.5,4,0.5,0.75,1,0,1,0,0,2,48.63
43,3.0,1.0,1.0,1.0,2.0,0.0,1.0,0.0,0.0,1.0,0.0,0.0,0.0,0.0,0,0,0,0,1,0.0,1,0.0,1.0,1,0,0,0,0,1,7.28
44,3.0,2.0,1.0,1.0,2.0,0.0,0.0,0.0,1.0,0.0,1.0,0.0,0.0,0.0,0,0,0,0,1,0.25,3,0.25,0.75,1,1,0,0,0,1,3.55
45,1.0,2.0,1.0,1.0,2.0,0.0,0.0,1.0,0.0,0.0,0.0,1.0,0.0,0.0,0,0,0,0,1,0.0,10,0.25,0.5,1,0,1,0,0,3,98.69
46,1.0,2.0,1.0,0.0,2.0,0.0,0.0,1.0,0.0,0.0,0.0,0.0,0.0,1.0,0,0,0,0,0,0.0,1,0.25,0.5,1,0,0,0,0,1,5.51
47,1.0,1.0,1.0,0.0,2.0,0.0,0.0,1.0,0.0,0.0,0.0,0.0,1.0,0.0,0,1,0,0,0,0.75,3,0.0,0.75,1,0,1,0,1,1,7.98
48,1.0,1.0,1.0,2.0,2.0,0.0,1.0,0.0,0.0,1.0,0.0,0.0,0.0,0.0,0,0,1,0,0,1.0,9,1.0,1.0,1,1,1,0,1,3,99.82
49,0.0,2.0,1.0,1.0,2.0,1.0,0.0,0.0,0.0,1.0,0.0,0.0,0.0,0.0,0,0,0,0,0,0.5,5,0.75,0.5,1,0,0,0,1,2,48.52
50,2.0,2.0,2.0,1.0,2.0,0.0,0.0,1.0,0.0,0.0,0.0,1.0,0.0,0.0,0,0,0,0,0,0.0,1,0.5,0.75,1,1,1,1,1,1,6.82
51,2.0,1.0,0.0,0.0,2.0,0.0,0.0,1.0,0.0,0.0,0.0,0.0,1.0,0.0,0,0,0,0,0,0.25,5,0.25,1.0,1,0,1,0,0,2,48.43
52,1.0,2.0,2.0,0.0,2.0,0.0,0.0,1.0,0.0,0.0,0.0,0.0,1.0,0.0,0,0,0,0,0,0.5,3,0.5,0.75,0,1,0,0,0,1,3.84
53,3.0,2.0,1.0,0.0,2.0,1.0,0.0,0.0,0.0,1.0,0.0,0.0,0.0,0.0,0,0,0,0,0,0.25,1,0.25,0.75,0,0,1,0,0,1,4.09
54,3.0,2.0,1.0,2.0,1.0,0.0,0.0,0.0,1.0,1.0,0.0,0.0,0.0,0.0,0,1,0,0,0,0.5,4,0.5,0.75,1,0,1,0,0,2,48.63
55,1.0,1.0,1.0,2.0,2.0,0.0,1.0,0.0,0.0,1.0,0.0,0.0,0.0,0.0,0,0,1,0,0,1.0,9,1.0,1.0,1,1,1,0,1,3,99.82
56,1.0,2.0,2.0,1.0,2.0,0.0,0.0,1.0,0.0,1.0,0.0,0.0,0.0,0.0,0,1,0,0,1,0.5,8,0.5,0.25,1,1,1,1,0,3,98.93
57,1.0,2.0,1.0,0.0,1.0,0.0,1.0,0.0,0.0,1.0,0.0,0.0,0.0,0.0,0,0,1,0,1,0.75,6,0.25,0.25,1,1,0,0,0,2,48.88
58,3.0,1.0,1.0,1.0,0.0,0.0,0.0,1.0,0.0,1.0,0.0,0.0,0.0,0.0,0,1,0,0,0,0.25,3,0.25,0.25,1,0,0,0,0,1,4.64
59,1.0,1.0,1.0,2.0,2.0,0.0,1.0,0.0,0.0,0.0,1.0,0.0,0.0,0.0,0,0,1,0,0,0.25,2,0.25,1.0,1,0,1,0,0,1,5.15
60,1.0,2.0,1.0,0.0,2.0,0.0,0.0,0.0,1.0,1.0,0.0,0.0,0.0,0.0,0,0,0,0,0,0.25,2,0.25,0.5,1,0,0,1,1,1,4.27
61,2.0,2.0,1.0,1.0,2.0,0.0,0.0,1.0,0.0,0.0,1.0,0.0,0.0,0.0,0,0,0,0,0,0.5,2,0.0,0.25,1,1,0,0,0,1,4.09
62,0.0,2.0,1.0,1.0,2.0,0.0,0.0,1.0,0.0,1.0,0.0,0.0,0.0,0.0,0,0,0,0,1,0.75,3,0.5,0.5,1,0,0,0,1,1,6.88
63,1.0,1.0,2.0,1.0,1.0,0.0,0.0,1.0,0.0,1.0,0.0,0.0,0.0,0.0,0,1,1,0,1,0.5,2,0.75,0.5,1,0,1,0,1,1,4.46
64,2.0,1.0,0.0,0.0,2.0,0.0,0.0,1.0,0.0,0.0,0.0,0.0,1.0,0.0,0,0,0,0,0,0.25,5,0.0,1.0,1,0,1,0,0,2,48.53
65,1.0,1.0,2.0,1.0,2.0,0.0,0.0,1.0,0.0,0.0,1.0,0.0,0.0,0.0,0,0,0,0,0,0.0,3,0.5,1.0,1,1,0,0,0,1,5.48
66,1.0,2.0,2.0,1.0,2.0,0.0,0.0,1.0,0.0,1.0,0.0,0.0,0.0,0.0,0,1,0,0,1,0.5,8,0.5,0.25,1,1,1,1,0,3,98.93
67,2.0,2.0,1.0,2.0,1.0,0.0,0.0,0.0,1.0,1.0,0.0,0.0,0.0,0.0,0,1,0,0,1,0.5,3,0.0,0.25,1,1,1,0,0,1,6.87
68,1.0,1.0,1.0,0.0,1.0,0.0,1.0,0.0,0.0,1.0,0.0,0.0,0.0,0.0,0,0,0,0,0,0.75,10,0.25,1.0,1,1,0,1,1,3,99.05
69,1.0,2.0,2.0,1.0,2.0,0.0,0.0,1.0,0.0,1.0,0.0,0.0,0.0,0.0,0,1,0,0,1,0.5,8,0.5,0.5,1,1,1,1,0,3,98.91
70,1.0,2.0,1.0,2.0,2.0,1.0,0.0,0.0,0.0,0.0,0.0,1.0,0.0,0.0,0,0,1,0,1,0.25,6,0.25,0.5,1,0,0,0,1,2,48.16
71,1.0,2.0,2.0,2.0,2.0,0.0,0.0,1.0,0.0,0.0,0.0,1.0,0.0,0.0,0,1,1,0,1,1.0,10,0.75,0.75,1,1,1,1,1,3,99.58
72,1.0,2.0,2.0,2.0,0.0,0.0,1.0,0.0,0.0,1.0,0.0,0.0,0.0,0.0,0,1,1,0,1,1.0,10,1.0,0.0,1,1,1,1,1,3,99.86
73,0.0,2.0,1.0,1.0,2.0,0.0,1.0,0.0,0.0,1.0,0.0,0.0,0.0,0.0,0,0,0,0,0,0.5,4,0.75,0.5,1,0,0,0,0,2,48.57
74,1.0,2.0,1.0,1.0,1.0,0.0,1.0,0.0,0.0,0.0,0.0,1.0,0.0,0.0,0,1,1,0,0,0.75,6,0.5,0.25,1,0,1,0,0,2,49.03
75,0.0,2.0,1.0,0.0,2.0,0.0,0.0,1.0,0.0,1.0,0.0,0.0,0.0,0.0,0,0,0,0,1,0.75,7,1.0,0.5,1,0,0,0,0,3,99.15
76,0.0,2.0,1.0,2.0,2.0,0.0,0.0,1.0,0.0,0.0,0.0,0.0,1.0,0.0,0,0,0,0,1,0.75,4,0.25,0.75,1,0,1,0,0,2,48.95
77,2.0,2.0,0.0,2.0,1.0,0.0,0.0,0.0,1.0,0.0,1.0,0.0,0.0,0.0,0,0,0,0,0,0.25,3,0.25,1.0,1,0,1,0,1,1,3.75
78,1.0,1.0,1.0,0.0,2.0,0.0,0.0,1.0,0.0,1.0,0.0,0.0,0.0,0.0,0,1,0,0,0,0.25,8,0.0,0.5,1,1,0,0,0,3,98.61
79,0.0,0.0,2.0,2.0,1.0,1.0,0.0,0.0,0.0,0.0,0.0,1.0,0.0,0.0,0,0,1,0,0,1.0,10,1.0,0.5,0,1,1,1,0,3,99.97
80,1.0,2.0,1.0,0.0,2.0,0.0,0.0,1.0,0.0,0.0,0.0,1.0,0.0,0.0,0,1,0,0,0,0.75,6,0.25,1.0,0,0,1,0,0,2,48.89
81,1.0,2.0,2.0,1.0,2.0,0.0,0.0,1.0,0.0,1.0,0.0,0.0,0.0,0.0,0,1,0,0,1,0.5,8,0.75,0.25,1,1,1,1,0,3,99.03
82,1.0,2.0,1.0,0.0,1.0,0.0,1.0,0.0,0.0,1.0,0.0,0.0,0.0,0.0,0,0,1,0,1,0.75,6,0.25,0.25,1,1,0,0,0,2,48.88
83,1.0,2.0,2.0,1.0,2.0,0.0,0.0,1.0,0.0,1.0,0.0,0.0,0.0,0.0,0,1,0,0,0,0.75,9,1.0,0.75,1,0,1,1,1,3,99.28
84,2.0,2.0,1.0,1.0,2.0,1.0,0.0,0.0,0.0,0.0,0.0,1.0,0.0,0.0,0,0,1,0,1,0.5,4,1.0,0.5,1,1,1,1,1,2,49.05
85,2.0,2.0,1.0,0.0,0.0,0.0,0.0,1.0,0.0,1.0,0.0,0.0,0.0,0.0,0,1,0,0,0,0.5,3,0.25,0.25,1,1,0,0,0,1,3.83
86,0.0,2.0,2.0,2.0,2.0,0.0,0.0,1.0,0.0,0.0,0.0,1.0,0.0,0.0,0,1,1,0,1,0.75,9,0.75,0.5,1,1,1,1,1,3,99.12
87,1.0,2.0,1.0,1.0,1.0,0.0,0.0,1.0,0.0,0.0,0.0,1.0,0.0,0.0,0,0,0,0,1,0.5,5,0.25,0.5,1,0,0,0,0,2,48.18
88,2.0,1.0,0.0,0.0,2.0,0.0,0.0,1.0,0.0,0.0,0.0,0.0,1.0,0.0,0,0,0,0,0,0.0,5,0.0,1.0,1,0,1,0,0,2,48.89
89,1.0,2.0,1.0,2.0,2.0,0.0,0.0,1.0,0.0,0.0,1.0,0.0,0.0,0.0,0,0,0,0,0,0.25,3,0.25,1.0,1,1,1,0,0,1,2.69
90,1.0,1.0,1.0,1.0,0.0,0.0,0.0,1.0,0.0,0.0,0.0,1.0,0.0,0.0,0,0,0,0,1,0.5,3,0.5,0.25,1,1,0,0,0,1,2.91
91,1.0,1.0,2.0,2.0,2.0,1.0,0.0,0.0,0.0,0.0,0.0,0.0,1.0,0.0,0,0,0,0,1,0.25,8,0.5,1.0,1,0,0,0,1,3,98.63
92,2.0,2.0,1.0,1.0,1.0,0.0,0.0,1.0,0.0,1.0,0.0,0.0,0.0,0.0,0,1,0,0,1,0.0,3,0.0,0.5,1,1,0,0,0,1,7.68
93,3.0,2.0,0.0,0.0,2.0,0.0,0.0,0.0,1.0,0.0,1.0,0.0,0.0,0.0,0,1,0,0,1,0.5,4,0.0,1.0,1,0,1,0,0,2,49.09
94,1.0,1.0,1.0,1.0,1.0,0.0,1.0,0.0,0.0,0.0,0.0,0.0,1.0,0.0,0,1,1,0,1,0.25,10,0.25,0.0,1,0,0,0,0,3,98.67
95,1.0,2.0,2.0,1.0,2.0,0.0,0.0,1.0,0.0,1.0,0.0,0.0,0.0,0.0,0,0,0,0,0,0.25,2,0.25,1.0,1,1,0,0,0,1,1.87
96,1.0,1.0,2.0,1.0,2.0,0.0,0.0,1.0,0.0,1.0,0.0,0.0,0.0,0.0,0,0,0,0,0,0.0,9,0.0,0.75,1,1,0,0,0,3,98.76
97,1.0,1.0,1.0,2.0,2.0,0.0,1.0,0.0,0.0,1.0,0.0,0.0,0.0,0.0,0,0,1,0,0,1.0,9,1.0,1.0,1,1,1,0,1,3,99.82
98,1.0,2.0,2.0,1.0,2.0,0.0,0.0,1.0,0.0,1.0,0.0,0.0,0.0,0.0,0,1,0,0,1,0.5,8,0.75,0.5,1,1,1,1,0,3,99.0
99,1.0,2.0,2.0,1.0,2.0,0.0,0.0,1.0,0.0,1.0,0.0,0.0,0.0,0.0,0,1,0,0,0,0.75,9,1.0,0.75,1,0,1,1,1,3,99.28
100,1.0,2.0,1.0,1.0,0.0,0.0,0.0,1.0,0.0,0.0,0.0,1.0,0.0,0.0,0,0,0,0,0,0.25,2,0.25,0.75,1,0,0,0,0,1,1.0
101,2.0,2.0,1.0,2.0,2.0,0.0,0.0,1.0,0.0,0.0,1.0,0.0,0.0,0.0,0,0,0,0,0,0.5,2,0.5,0.75,1,1,0,0,0,1,3.62
102,1.0,1.0,2.0,1.0,2.0,0.0,0.0,1.0,0.0,1.0,0.0,0.0,0.0,0.0,0,0,0,0,0,0.25,9,0.25,0.75,1,1,0,0,0,3,98.53
103,1.0,1.0,2.0,1.0,2.0,0.0,0.0,1.0,0.0,1.0,0.0,0.0,0.0,0.0,0,0,0,0,0,0.25,3,0.5,0.75,1,1,1,1,1,1,4.52
104,2.0,2.0,1.0,1.0,2.0,1.0,0.0,0.0,0.0,0.0,0.0,1.0,0.0,0.0,0,0,1,0,1,0.5,4,0.75,0.75,1,1,1,1,1,2,48.73
105,1.0,2.0,2.0,2.0,2.0,0.0,0.0,1.0,0.0,0.0,0.0,1.0,0.0,0.0,0,1,1,0,1,1.0,10,0.75,0.75,1,1,1,1,1,3,99.58
106,1.0,2.0,1.0,2.0,1.0,0.0,0.0,1.0,0.0,0.0,0.0,1.0,0.0,0.0,0,0,0,0,1,0.25,3,0.75,0.5,1,1,0,0,1,1,3.76
107,0.0,2.0,2.0,1.0,2.0,1.0,0.0,0.0,0.0,0.0,0.0,0.0,1.0,0.0,0,1,0,0,1,0.5,5,0.5,0.75,1,0,1,1,1,2,49.06
108,1.0,1.0,1.0,1.0,1.0,1.0,0.0,0.0,0.0,1.0,0.0,0.0,0.0,0.0,0,0,1,0,0,0.5,6,0.5,0.5,1,0,0,0,1,2,48.52
109,1.0,2.0,2.0,1.0,2.0,0.0,0.0,1.0,0.0,1.0,0.0,0.0,0.0,0.0,0,1,0,0,1,0.5,8,0.5,0.25,1,1,1,1,0,3,98.93
110,1.0,2.0,2.0,2.0,0.0,0.0,1.0,0.0,0.0,1.0,0.0,0.0,0.0,0.0,0,1,1,0,1,0.5,10,0.75,0.0,1,1,1,1,1,3,98.93
111,3.0,2.0,2.0,2.0,2.0,0.0,0.0,0.0,1.0,0.0,1.0,0.0,0.0,0.0,0,1,1,0,1,1.0,10,1.0,1.0,1,1,1,1,1,3,99.91
112,1.0,1.0,2.0,0.0,2.0,0.0,0.0,1.0,0.0,0.0,0.0,1.0,0.0,0.0,0,0,0,0,0,0.5,4,0.75,1.0,1,0,0,0,0,2,48.53
113,1.0,1.0,2.0,1.0,0.0,0.0,1.0,0.0,0.0,1.0,0.0,0.0,0.0,0.0,0,1,0,0,0,0.25,2,0.25,1.0,1,1,0,0,1,1,3.13
114,2.0,1.0,1.0,2.0,1.0,1.0,0.0,0.0,0.0,1.0,0.0,0.0,0.0,0.0,0,1,0,0,0,0.25,2,0.25,0.75,1,0,0,0,0,1,2.93
115,1.0,2.0,2.0,2.0,0.0,0.0,1.0,0.0,0.0,1.0,0.0,0.0,0.0,0.0,0,1,1,0,1,1.0,10,1.0,0.0,1,1,1,1,1,3,99.86
116,2.0,2.0,1.0,1.0,1.0,0.0,1.0,0.0,0.0,1.0,0.0,0.0,0.0,0.0,0,1,0,0,1,0.25,3,0.5,0.5,1,1,0,0,0,1,5.63
117,1.0,2.0,1.0,0.0,1.0,0.0,1.0,0.0,0.0,1.0,0.0,0.0,0.0,0.0,0,0,1,0,1,0.75,6,0.25,0.25,1,1,0,0,0,2,48.88
118,0.0,0.0,2.0,2.0,1.0,1.0,0.0,0.0,0.0,0.0,0.0,1.0,0.0,0.0,0,0,1,0,0,1.0,10,1.0,0.5,0,1,1,1,0,3,99.97
119,2.0,2.0,2.0,1.0,2.0,0.0,0.0,1.0,0.0,1.0,0.0,0.0,0.0,0.0,0,0,0,0,0,0.75,4,0.5,1.0,1,0,0,0,0,2,48.89
120,1.0,1.0,1.0,0.0,2.0,0.0,1.0,0.0,0.0,0.0,1.0,0.0,0.0,0.0,0,0,0,0,0,0.5,2,0.0,0.5,1,1,1,0,0,1,4.22
121,1.0,2.0,1.0,0.0,1.0,0.0,1.0,0.0,0.0,1.0,0.0,0.0,0.0,0.0,0,0,1,0,1,0.75,6,0.5,0.25,1,1,0,0,0,2,48.93
122,0.0,0.0,2.0,0.0,0.0,0.0,1.0,0.0,0.0,1.0,0.0,0.0,0.0,0.0,0,0,1,0,1,1.0,10,0.0,1.0,1,1,1,0,0,3,99.54
123,0.0,2.0,2.0,2.0,2.0,1.0,0.0,0.0,0.0,1.0,0.0,0.0,0.0,0.0,0,1,1,0,1,1.0,5,0.5,1.0,1,1,1,1,1,2,50.16
124,1.0,1.0,1.0,0.0,2.0,0.0,0.0,1.0,0.0,1.0,0.0,0.0,0.0,0.0,0,1,0,0,0,0.25,8,0.0,0.5,1,1,0,0,0,3,98.61
125,1.0,1.0,2.0,0.0,2.0,0.0,0.0,1.0,0.0,0.0,0.0,1.0,0.0,0.0,0,1,0,0,1,0.5,5,0.5,0.5,1,0,0,0,1,2,48.68
126,1.0,2.0,1.0,1.0,1.0,0.0,0.0,1.0,0.0,0.0,0.0,1.0,0.0,0.0,0,0,0,0,1,0.5,5,0.5,0.75,1,0,0,0,0,2,48.22
127,2.0,1.0,1.0,1.0,1.0,0.0,0.0,1.0,0.0,0.0,1.0,0.0,0.0,0.0,0,0,0,0,1,0.25,3,0.5,0.5,1,0,0,0,0,1,2.35
128,1.0,2.0,1.0,0.0,1.0,0.0,0.0,1.0,0.0,0.0,0.0,1.0,0.0,0.0,0,0,0,0,0,0.25,3,0.75,1.0,1,0,0,0,0,1,4.22
129,1.0,1.0,1.0,1.0,1.0,0.0,0.0,1.0,0.0,1.0,0.0,0.0,0.0,0.0,0,0,1,0,1,0.5,4,0.5,1.0,1,1,1,1,1,2,48.62
130,1.0,2.0,1.0,0.0,2.0,0.0,0.0,1.0,0.0,0.0,1.0,0.0,0.0,0.0,0,0,0,0,0,0.5,2,0.0,0.75,1,1,0,0,0,1,3.56
131,2.0,1.0,1.0,1.0,2.0,0.0,0.0,0.0,1.0,1.0,0.0,0.0,0.0,0.0,0,0,0,0,1,0.5,5,0.75,0.5,1,1,0,0,1,2,48.49
132,1.0,2.0,1.0,1.0,2.0,0.0,0.0,1.0,0.0,0.0,1.0,0.0,0.0,0.0,0,0,0,0,0,0.5,3,0.5,0.75,1,0,1,0,0,1,3.01
133,1.0,0.0,0.0,2.0,0.0,0.0,1.0,0.0,0.0,0.0,0.0,0.0,1.0,0.0,0,0,0,0,0,0.5,1,0.25,0.75,0,0,0,0,1,1,5.49
134,2.0,1.0,1.0,1.0,1.0,0.0,0.0,1.0,0.0,1.0,0.0,0.0,0.0,0.0,0,0,0,0,0,0.5,3,0.0,0.5,1,0,0,0,0,1,3.82
135,1.0,2.0,1.0,1.0,2.0,0.0,0.0,1.0,0.0,0.0,0.0,1.0,0.0,0.0,0,0,0,0,1,0.0,10,0.25,0.25,1,0,1,0,0,3,98.71
136,0.0,2.0,1.0,1.0,2.0,1.0,0.0,0.0,0.0,1.0,0.0,0.0,0.0,0.0,0,0,0,0,0,0.5,5,0.75,0.5,1,0,0,0,1,2,48.52
137,1.0,2.0,1.0,1.0,2.0,0.0,0.0,1.0,0.0,1.0,0.0,0.0,0.0,0.0,0,0,1,0,0,0.5,5,0.0,0.5,1,0,0,0,0,2,48.56
138,1.0,1.0,1.0,1.0,2.0,0.0,0.0,1.0,0.0,0.0,0.0,0.0,1.0,0.0,0,0,0,0,0,0.25,2,0.5,0.75,0,0,0,0,0,1,3.06
139,1.0,1.0,2.0,1.0,2.0,0.0,0.0,1.0,0.0,1.0,0.0,0.0,0.0,0.0,0,1,0,0,1,0.5,6,0.5,0.75,1,1,0,0,1,2,48.66
140,2.0,2.0,2.0,1.0,1.0,0.0,1.0,0.0,0.0,1.0,0.0,0.0,0.0,0.0,0,1,0,0,0,0.0,2,0.0,0.75,1,1,0,0,0,1,6.18
141,1.0,2.0,0.0,1.0,1.0,0.0,1.0,0.0,0.0,0.0,0.0,0.0,1.0,0.0,0,0,0,0,1,0.25,4,0.25,0.25,1,0,0,0,0,2,48.36
142,2.0,2.0,0.0,1.0,2.0,0.0,0.0,0.0,1.0,0.0,1.0,0.0,0.0,0.0,0,0,0,0,0,0.5,2,0.25,1.0,1,1,1,0,0,1,3.84
143,1.0,2.0,0.0,0.0,2.0,0.0,0.0,0.0,1.0,0.0,1.0,0.0,0.0,0.0,0,0,0,0,0,0.0,3,0.0,0.75,1,1,1,0,0,1,5.99
144,1.0,2.0,2.0,2.0,2.0,0.0,0.0,1.0,0.0,0.0,1.0,0.0,0.0,0.0,0,0,1,0,0,0.25,10,0.75,0.5,1,1,0,1,1,3,98.92
145,2.0,2.0,1.0,1.0,2.0,0.0,0.0,1.0,0.0,1.0,0.0,0.0,0.0,0.0,0,0,0,0,1,0.25,2,0.5,0.5,0,1,0,0,0,1,2.02
146,1.0,2.0,1.0,0.0,2.0,0.0,0.0,1.0,0.0,1.0,0.0,0.0,0.0,0.0,0,0,0,0,1,0.25,3,0.5,1.0,1,0,0,0,0,1,2.46
147,0.0,0.0,0.0,1.0,1.0,0.0,1.0,0.0,0.0,1.0,0.0,0.0,0.0,0.0,0,1,1,0,0,0.75,10,0.75,0.5,0,0,0,1,1,3,99.31
148,1.0,1.0,2.0,1.0,1.0,0.0,1.0,0.0,0.0,1.0,0.0,0.0,0.0,0.0,0,0,0,0,0,0.5,2,0.25,0.5,1,1,0,0,0,1,2.98
149,0.0,2.0,2.0,1.0,2.0,0.0,1.0,0.0,0.0,1.0,0.0,0.0,0.0,0.0,0,0,0,0,1,0.75,3,0.5,0.75,1,1,0,0,1,1,7.09
150,1.0,1.0,1.0,2.0,2.0,0.0,1.0,0.0,0.0,1.0,0.0,0.0,0.0,0.0,0,0,1,0,0,0.75,9,0.75,1.0,1,1,1,0,1,3,99.16
151,0.0,2.0,2.0,2.0,2.0,0.0,0.0,1.0,0.0,0.0,0.0,1.0,0.0,0.0,0,1,1,0,1,1.0,10,0.75,0.5,1,1,1,1,1,3,99.61
152,2.0,2.0,1.0,1.0,2.0,1.0,0.0,0.0,0.0,0.0,0.0,1.0,0.0,0.0,0,0,1,0,1,0.5,4,1.0,0.5,1,1,1,1,1,2,49.05
153,0.0,2.0,2.0,2.0,2.0,0.0,0.0,1.0,0.0,1.0,0.0,0.0,0.0,0.0,0,1,1,0,1,1.0,7,0.5,1.0,1,1,1,1,1,3,99.56
154,1.0,1.0,2.0,0.0,2.0,0.0,0.0,1.0,0.0,0.0,0.0,1.0,0.0,0.0,0,0,0,0,0,0.5,4,0.75,1.0,1,0,0,0,0,2,48.53
155,2.0,2.0,0.0,1.0,2.0,0.0,0.0,1.0,0.0,0.0,1.0,0.0,0.0,0.0,0,1,0,0,0,1.0,5,1.0,0.25,1,0,0,0,1,2,50.47
156,3.0,2.0,2.0,2.0,2.0,0.0,0.0,0.0,1.0,0.0,1.0,0.0,0.0,0.0,0,1,1,0,1,1.0,10,1.0,0.75,1,1,1,1,1,3,99.88
157,1.0,2.0,1.0,1.0,2.0,0.0,0.0,1.0,0.0,0.0,0.0,1.0,0.0,0.0,0,0,0,0,1,0.5,4,0.75,1.0,1,0,0,0,0,2,48.46
158,1.0,2.0,1.0,0.0,2.0,0.0,0.0,1.0,0.0,1.0,0.0,0.0,0.0,0.0,0,0,0,0,1,0.5,1,0.5,0.5,1,1,0,0,0,1,2.72
159,0.0,0.0,1.0,0.0,0.0,0.0,1.0,0.0,0.0,1.0,0.0,0.0,0.0,0.0,0,0,1,0,1,1.0,10,0.25,0.75,1,1,1,0,0,3,99.47
160,2.0,2.0,1.0,0.0,2.0,0.0,1.0,0.0,0.0,1.0,0.0,0.0,0.0,0.0,0,0,0,0,1,0.25,2,0.75,0.5,1,0,0,0,0,1,4.38
161,0.0,2.0,2.0,1.0,2.0,1.0,0.0,0.0,0.0,0.0,0.0,0.0,1.0,0.0,0,1,0,0,1,0.0,5,0.5,0.5,1,0,1,1,1,2,49.33
162,2.0,0.0,1.0,1.0,1.0,0.0,0.0,1.0,0.0,0.0,0.0,1.0,0.0,0.0,0,0,1,0,0,0.5,4,0.5,0.25,0,1,1,0,0,2,48.73
163,3.0,2.0,0.0,0.0,2.0,0.0,0.0,0.0,1.0,0.0,1.0,0.0,0.0,0.0,0,1,0,0,1,0.25,4,0.0,1.0,1,0,1,0,0,2,49.0
164,1.0,1.0,1.0,0.0,1.0,0.0,1.0,0.0,0.0,0.0,0.0,0.0,1.0,0.0,0,0,0,0,1,0.0,4,0.0,0.5,1,0,0,0,0,2,48.76
165,2.0,1.0,1.0,1.0,2.0,0.0,0.0,0.0,1.0,1.0,0.0,0.0,0.0,0.0,0,0,0,0,1,0.5,5,0.75,0.5,1,1,0,0,1,2,48.49
166,1.0,1.0,1.0,1.0,1.0,1.0,0.0,0.0,0.0,1.0,0.0,0.0,0.0,0.0,0,0,1,0,0,0.5,6,0.25,0.5,1,0,0,0,1,2,48.48
167,0.0,0.0,1.0,2.0,1.0,1.0,0.0,0.0,0.0,0.0,0.0,1.0,0.0,0.0,0,0,1,0,0,1.0,10,1.0,0.25,0,1,1,1,0,3,100.0
168,1.0,1.0,1.0,0.0,1.0,0.0,0.0,1.0,0.0,0.0,0.0,0.0,1.0,0.0,0,0,0,0,0,0.0,1,0.0,1.0,1,0,1,0,0,1,6.63
169,0.0,1.0,2.0,0.0,2.0,1.0,0.0,0.0,0.0,0.0,0.0,0.0,1.0,0.0,0,0,1,0,0,0.75,5,0.5,1.0,1,1,1,1,1,2,49.55
170,1.0,1.0,2.0,1.0,2.0,0.0,0.0,1.0,0.0,1.0,0.0,0.0,0.0,0.0,0,0,0,0,0,0.0,9,0.0,0.75,1,1,0,0,0,3,98.76
171,2.0,1.0,0.0,0.0,0.0,0.0,1.0,0.0,0.0,0.0,0.0,0.0,0.0,1.0,0,0,0,0,0,0.0,1,0.0,0.0,0,1,0,0,0,1,7.84
172,2.0,2.0,2.0,2.0,2.0,0.0,0.0,1.0,0.0,0.0,0.0,1.0,0.0,0.0,0,0,1,0,0,1.0,1,0.5,0.5,1,0,1,0,0,1,12.2
173,1.0,2.0,1.0,2.0,2.0,0.0,0.0,1.0,0.0,1.0,0.0,0.0,0.0,0.0,0,0,0,0,1,0.25,2,0.25,0.75,1,1,1,0,0,1,1.67
174,1.0,2.0,2.0,1.0,2.0,0.0,0.0,1.0,0.0,1.0,0.0,0.0,0.0,0.0,0,1,0,0,0,0.5,9,1.0,0.75,1,0,1,1,1,3,99.01
175,0.0,2.0,2.0,2.0,2.0,0.0,0.0,1.0,0.0,0.0,0.0,1.0,0.0,0.0,0,1,1,0,1,1.0,10,0.75,0.75,1,1,1,1,1,3,99.61
176,1.0,2.0,1.0,1.0,2.0,0.0,1.0,0.0,0.0,1.0,0.0,0.0,0.0,0.0,0,0,0,0,1,0.25,2,0.25,0.75,1,0,0,0,1,1,1.72
177,2.0,2.0,1.0,0.0,2.0,0.0,1.0,0.0,0.0,1.0,0.0,0.0,0.0,0.0,0,0,0,0,0,0.25,1,0.0,0.75,1,0,0,0,0,1,3.58
178,1.0,2.0,1.0,1.0,1.0,0.0,0.0,0.0,1.0,0.0,1.0,0.0,0.0,0.0,0,0,0,0,0,0.25,2,0.25,0.5,1,0,0,0,0,1,1.55
179,1.0,1.0,1.0,1.0,1.0,0.0,0.0,0.0,1.0,1.0,0.0,0.0,0.0,0.0,0,0,0,0,1,0.25,4,0.5,0.75,0,1,0,1,1,2,48.45
180,1.0,2.0,0.0,2.0,2.0,0.0,0.0,1.0,0.0,0.0,1.0,0.0,0.0,0.0,0,0,0,0,0,0.5,3,0.0,1.0,1,1,1,0,0,1,4.63
181,1.0,1.0,1.0,0.0,1.0,0.0,1.0,0.0,0.0,1.0,0.0,0.0,0.0,0.0,0,0,0,0,0,0.75,10,0.5,0.75,1,1,0,1,1,3,99.04
182,1.0,1.0,1.0,1.0,1.0,0.0,1.0,0.0,0.0,0.0,0.0,0.0,1.0,0.0,0,1,1,0,1,0.0,10,0.25,0.0,1,0,0,0,0,3,98.85
183,1.0,2.0,1.0,1.0,2.0,0.0,0.0,1.0,0.0,1.0,0.0,0.0,0.0,0.0,0,0,1,0,0,0.5,5,0.25,0.5,1,0,0,0,0,2,48.46
184,2.0,2.0,2.0,1.0,2.0,0.0,0.0,1.0,0.0,1.0,0.0,0.0,0.0,0.0,0,0,0,0,0,0.75,4,0.5,1.0,1,0,0,0,0,2,48.89
185,0.0,1.0,2.0,1.0,2.0,0.0,0.0,1.0,0.0,0.0,1.0,0.0,0.0,0.0,0,0,0,0,0,0.5,3,0.0,0.75,1,1,0,0,1,1,4.08
186,1.0,2.0,1.0,1.0,2.0,0.0,0.0,0.0,1.0,0.0,0.0,0.0,1.0,0.0,0,0,0,0,0,0.0,10,0.5,0.5,1,1,0,1,0,3,98.9
187,2.0,1.0,2.0,0.0,1.0,0.0,0.0,1.0,0.0,0.0,1.0,0.0,0.0,0.0,0,1,0,0,0,0.25,3,0.25,1.0,1,0,0,0,0,1,3.42
188,1.0,1.0,1.0,0.0,1.0,0.0,1.0,0.0,0.0,1.0,0.0,0.0,0.0,0.0,0,0,0,0,0,0.75,10,0.5,0.75,1,1,0,1,1,3,99.04
189,2.0,1.0,1.0,0.0,1.0,1.0,0.0,0.0,0.0,1.0,0.0,0.0,0.0,0.0,0,1,0,0,1,0.0,2,0.75,0.25,1,0,0,0,0,1,8.77
190,1.0,2.0,1.0,2.0,2.0,1.0,0.0,0.0,0.0,0.0,0.0,1.0,0.0,0.0,0,0,1,0,1,0.25,6,0.25,0.5,1,0,0,0,1,2,48.16
191,0.0,2.0,1.0,2.0,0.0,0.0,0.0,1.0,0.0,0.0,0.0,1.0,0.0,0.0,0,0,0,0,0,0.75,1,0.5,0.5,1,1,0,0,0,1,7.08
192,2.0,2.0,1.0,2.0,0.0,0.0,0.0,1.0,0.0,1.0,0.0,0.0,0.0,0.0,0,0,0,0,0,0.75,9,0.5,0.0,1,0,0,0,0,3,98.98
193,1.0,1.0,1.0,0.0,2.0,0.0,0.0,1.0,0.0,1.0,0.0,0.0,0.0,0.0,0,1,0,0,0,0.25,8,0.0,0.5,1,1,0,0,0,3,98.61
194,1.0,2.0,2.0,2.0,0.0,0.0,1.0,0.0,0.0,1.0,0.0,0.0,0.0,0.0,0,1,1,0,1,1.0,10,1.0,0.25,1,1,1,1,1,3,99.81
195,3.0,2.0,0.0,0.0,2.0,0.0,0.0,0.0,1.0,0.0,1.0,0.0,0.0,0.0,0,1,0,0,1,0.5,4,0.0,1.0,1,0,1,0,0,2,49.09
196,0.0,1.0,1.0,0.0,2.0,0.0,0.0,0.0,1.0,1.0,0.0,0.0,0.0,0.0,0,0,0,0,1,0.25,2,0.5,0.75,1,1,0,1,1,1,4.92
197,1.0,2.0,2.0,2.0,2.0,0.0,0.0,1.0,0.0,0.0,1.0,0.0,0.0,0.0,0,0,1,0,0,0.25,10,0.75,0.5,1,1,0,1,1,3,98.92
198,1.0,2.0,2.0,1.0,2.0,0.0,0.0,1.0,0.0,1.0,0.0,0.0,0.0,0.0,0,1,0,0,1,0.25,8,0.25,0.25,1,1,1,1,0,3,98.87
199,2.0,2.0,1.0,1.0,1.0,0.0,0.0,1.0,0.0,1.0,0.0,0.0,0.0,0.0,0,0,0,0,0,0.0,3,0.0,0.75,1,1,0,0,0,1,5.62
200,1.0,1.0,2.0,1.0,2.0,0.0,0.0,1.0,0.0,1.0,0.0,0.0,0.0,0.0,0,0,0,0,0,0.0,9,0.0,0.75,1,1,0,0,0,3,98.76
201,1.0,2.0,0.0,0.0,2.0,1.0,0.0,0.0,0.0,1.0,0.0,0.0,0.0,0.0,0,0,0,0,0,0.25,2,0.75,0.5,1,0,0,0,0,1,4.2
202,0.0,1.0,2.0,1.0,2.0,0.0,0.0,1.0,0.0,1.0,0.0,0.0,0.0,0.0,0,0,0,0,0,0.5,3,0.5,0.75,1,0,1,0,1,1,3.75
203,0.0,2.0,1.0,1.0,2.0,0.0,0.0,1.0,0.0,0.0,0.0,0.0,1.0,0.0,0,1,0,0,1,0.5,6,0.5,0.75,1,0,1,0,0,2,48.81
204,3.0,2.0,1.0,0.0,2.0,0.0,1.0,0.0,0.0,0.0,0.0,0.0,0.0,1.0,0,0,0,0,0,0.0,1,0.0,0.0,0,0,0,0,0,1,8.52
205,0.0,2.0,2.0,1.0,1.0,0.0,0.0,1.0,0.0,1.0,0.0,0.0,0.0,0.0,0,0,0,0,0,0.5,2,0.25,0.0,1,1,1,0,0,1,4.43
206,2.0,2.0,0.0,0.0,1.0,1.0,0.0,0.0,0.0,1.0,0.0,0.0,0.0,0.0,0,1,0,0,1,0.5,1,0.5,0.5,1,1,0,0,0,1,6.26
207,1.0,2.0,1.0,0.0,2.0,0.0,1.0,0.0,0.0,1.0,0.0,0.0,0.0,0.0,0,0,0,0,0,0.0,2,0.25,0.5,1,0,0,0,0,1,5.26
208,1.0,2.0,2.0,1.0,1.0,0.0,0.0,1.0,0.0,1.0,0.0,0.0,0.0,0.0,0,1,0,0,0,0.75,3,0.75,0.75,1,0,0,1,0,1,9.04
209,1.0,1.0,1.0,1.0,1.0,1.0,0.0,0.0,0.0,1.0,0.0,0.0,0.0,0.0,0,0,0,0,0,0.25,1,0.5,0.0,0,1,0,0,1,1,3.69
210,3.0,2.0,1.0,0.0,2.0,0.0,1.0,0.0,0.0,1.0,0.0,0.0,0.0,0.0,0,0,0,0,1,0.25,1,0.25,0.75,1,1,0,0,0,1,4.1
211,1.0,2.0,1.0,1.0,2.0,0.0,0.0,1.0,0.0,0.0,0.0,1.0,0.0,0.0,0,0,0,0,1,0.5,4,0.75,0.75,1,0,0,0,0,2,48.4
212,0.0,0.0,2.0,1.0,0.0,0.0,1.0,0.0,0.0,1.0,0.0,0.0,0.0,0.0,0,0,1,0,1,1.0,10,0.25,0.75,1,1,1,0,0,3,99.45
213,1.0,2.0,1.0,1.0,1.0,1.0,0.0,0.0,0.0,1.0,0.0,0.0,0.0,0.0,0,0,1,0,1,0.5,5,1.0,0.5,1,1,0,0,1,2,48.77
214,1.0,2.0,1.0,1.0,2.0,0.0,0.0,1.0,0.0,0.0,0.0,1.0,0.0,0.0,0,0,0,0,1,0.0,10,0.25,0.25,1,0,1,0,0,3,98.71
215,1.0,1.0,2.0,0.0,2.0,0.0,0.0,1.0,0.0,0.0,0.0,1.0,0.0,0.0,0,0,0,0,0,0.5,4,0.75,1.0,1,0,0,0,0,2,48.53
216,0.0,2.0,1.0,1.0,2.0,1.0,0.0,0.0,0.0,1.0,0.0,0.0,0.0,0.0,0,0,0,0,1,0.5,4,0.25,0.75,1,1,1,0,1,2,48.27
217,0.0,0.0,0.0,1.0,1.0,0.0,1.0,0.0,0.0,1.0,0.0,0.0,0.0,0.0,0,1,1,0,0,0.75,10,0.75,0.5,0,0,0,1,1,3,99.31
218,1.0,2.0,1.0,1.0,1.0,1.0,0.0,0.0,0.0,1.0,0.0,0.0,0.0,0.0,0,0,1,0,1,0.5,5,1.0,0.25,1,1,0,0,1,2,48.82
219,1.0,1.0,2.0,1.0,2.0,0.0,0.0,1.0,0.0,1.0,0.0,0.0,0.0,0.0,0,0,0,0,0,0.0,9,0.0,0.5,1,1,0,0,0,3,98.76
220,2.0,1.0,2.0,0.0,1.0,1.0,0.0,0.0,0.0,1.0,0.0,0.0,0.0,0.0,0,1,0,0,0,0.25,2,0.0,0.5,1,1,0,0,0,1,3.54
221,1.0,2.0,2.0,1.0,2.0,0.0,0.0,1.0,0.0,0.0,1.0,0.0,0.0,0.0,0,0,1,0,1,0.25,4,0.5,0.5,0,1,0,0,0,2,48.18
222,0.0,1.0,1.0,0.0,2.0,1.0,0.0,0.0,0.0,1.0,0.0,0.0,0.0,0.0,0,0,0,0,0,0.25,3,0.5,0.75,1,1,0,1,1,1,5.02
223,0.0,0.0,2.0,1.0,1.0,1.0,0.0,0.0,0.0,0.0,0.0,1.0,0.0,0.0,0,0,1,0,0,1.0,10,0.75,0.5,0,1,1,1,0,3,99.78
224,0.0,2.0,1.0,0.0,2.0,0.0,0.0,1.0,0.0,1.0,0.0,0.0,0.0,0.0,0,0,0,0,1,0.75,7,1.0,0.5,1,0,0,0,0,3,99.15
225,2.0,2.0,2.0,2.0,2.0,0.0,1.0,0.0,0.0,0.0,0.0,0.0,1.0,0.0,0,0,0,0,0,0.0,5,1.0,1.0,1,0,0,0,0,2,49.33
226,1.0,1.0,0.0,1.0,1.0,0.0,1.0,0.0,0.0,1.0,0.0,0.0,0.0,0.0,0,0,0,0,1,0.5,2,0.5,0.5,1,1,0,0,1,1,3.67
227,2.0,2.0,0.0,2.0,2.0,0.0,0.0,1.0,0.0,0.0,1.0,0.0,0.0,0.0,0,0,0,0,0,0.5,3,0.0,0.5,1,1,1,0,0,1,4.54
228,1.0,2.0,2.0,1.0,2.0,0.0,0.0,1.0,0.0,1.0,0.0,0.0,0.0,0.0,0,1,0,0,0,0.5,9,0.75,0.75,1,0,1,1,1,3,98.85
229,2.0,1.0,0.0,1.0,0.0,0.0,1.0,0.0,0.0,0.0,1.0,0.0,0.0,0.0,0,0,0,0,1,0.5,3,0.0,0.75,1,0,0,0,0,1,4.37
230,1.0,2.0,2.0,1.0,2.0,0.0,0.0,1.0,0.0,0.0,1.0,0.0,0.0,0.0,0,0,1,0,1,0.25,4,0.5,0.5,0,1,0,0,0,2,48.18
231,1.0,2.0,2.0,1.0,2.0,0.0,0.0,1.0,0.0,1.0,0.0,0.0,0.0,0.0,0,1,0,0,0,0.5,9,0.75,0.75,1,0,1,1,1,3,98.85
232,0.0,2.0,2.0,2.0,2.0,0.0,1.0,0.0,0.0,1.0,0.0,0.0,0.0,0.0,0,0,0,0,0,1.0,4,0.25,0.75,1,0,0,0,1,2,49.9
233,1.0,0.0,2.0,1.0,0.0,1.0,0.0,0.0,0.0,0.0,0.0,1.0,0.0,0.0,0,0,1,0,1,0.75,6,0.75,1.0,0,0,1,0,1,2,49.16
234,1.0,1.0,1.0,0.0,1.0,0.0,1.0,0.0,0.0,0.0,0.0,0.0,1.0,0.0,0,0,0,0,1,0.0,4,0.0,0.5,1,0,0,0,0,2,48.76
235,1.0,2.0,1.0,1.0,1.0,1.0,0.0,0.0,0.0,1.0,0.0,0.0,0.0,0.0,0,0,1,0,1,0.5,5,0.75,0.5,1,1,0,0,1,2,48.44
236,1.0,1.0,2.0,1.0,2.0,0.0,0.0,1.0,0.0,0.0,0.0,0.0,1.0,0.0,0,0,0,0,0,0.0,1,0.5,1.0,1,1,1,1,1,1,7.55
237,1.0,1.0,1.0,1.0,1.0,0.0,1.0,0.0,0.0,0.0,0.0,0.0,1.0,0.0,0,1,1,0,1,0.0,10,0.25,0.0,1,0,0,0,0,3,98.85
238,1.0,2.0,2.0,1.0,2.0,0.0,0.0,1.0,0.0,1.0,0.0,0.0,0.0,0.0,0,1,0,0,1,0.5,8,0.75,0.5,1,1,1,1,0,3,99.0
239,1.0,2.0,1.0,0.0,2.0,0.0,0.0,1.0,0.0,0.0,0.0,1.0,0.0,0.0,0,1,0,0,0,0.75,6,0.25,1.0,0,0,1,0,0,2,48.89
240,1.0,2.0,1.0,1.0,2.0,0.0,0.0,0.0,1.0,1.0,0.0,0.0,0.0,0.0,0,0,0,0,1,0.5,2,0.0,0.0,1,0,0,0,0,1,4.38
241,2.0,2.0,1.0,0.0,2.0,0.0,0.0,1.0,0.0,1.0,0.0,0.0,0.0,0.0,0,0,0,0,0,0.25,3,0.5,0.75,1,1,1,0,0,1,2.71
242,1.0,2.0,1.0,2.0,0.0,0.0,0.0,1.0,0.0,0.0,1.0,0.0,0.0,0.0,0,1,0,0,1,0.5,2,0.0,0.75,1,0,0,0,0,1,6.28
243,0.0,0.0,1.0,2.0,1.0,1.0,0.0,0.0,0.0,0.0,0.0,1.0,0.0,0.0,0,0,1,0,0,1.0,10,1.0,0.25,0,1,1,1,0,3,100.0
244,1.0,1.0,2.0,1.0,2.0,0.0,1.0,0.0,0.0,1.0,0.0,0.0,0.0,0.0,0,0,0,0,0,0.0,2,0.25,0.75,1,0,0,0,0,1,5.15
245,1.0,2.0,1.0,1.0,2.0,1.0,0.0,0.0,0.0,1.0,0.0,0.0,0.0,0.0,0,0,0,0,0,0.5,5,0.25,0.75,1,0,0,0,0,2,48.21
246,1.0,2.0,1.0,1.0,2.0,1.0,0.0,0.0,0.0,1.0,0.0,0.0,0.0,0.0,0,0,1,0,0,0.5,1,0.5,0.75,1,1,1,1,1,1,6.39
247,1.0,2.0,2.0,1.0,2.0,0.0,0.0,1.0,0.0,1.0,0.0,0.0,0.0,0.0,0,1,0,0,1,0.5,8,0.75,0.25,1,1,1,1,0,3,99.03
248,1.0,1.0,2.0,0.0,2.0,0.0,0.0,1.0,0.0,0.0,0.0,1.0,0.0,0.0,0,1,0,0,1,0.5,5,0.5,0.25,1,0,0,0,1,2,48.73
249,1.0,1.0,2.0,1.0,1.0,0.0,0.0,1.0,0.0,0.0,0.0,1.0,0.0,0.0,0,0,1,0,0,0.5,4,0.5,0.5,1,0,0,1,0,2,48.76
250,1.0,1.0,1.0,0.0,0.0,0.0,1.0,0.0,0.0,0.0,1.0,0.0,0.0,0.0,0,0,0,0,0,0.5,4,0.25,0.5,0,1,0,0,0,2,48.33
251,2.0,2.0,2.0,2.0,2.0,0.0,1.0,0.0,0.0,0.0,0.0,0.0,1.0,0.0,0,0,0,0,0,0.25,5,0.75,1.0,1,0,0,0,0,2,48.65
252,0.0,2.0,1.0,1.0,1.0,0.0,0.0,1.0,0.0,0.0,0.0,1.0,0.0,0.0,0,0,0,0,0,0.25,2,0.25,0.25,1,0,0,0,0,1,2.55
253,0.0,0.0,2.0,2.0,1.0,1.0,0.0,0.0,0.0,0.0,0.0,1.0,0.0,0.0,0,0,1,0,0,1.0,10,1.0,0.25,0,1,1,1,0,3,100.0
254,0.0,2.0,1.0,1.0,2.0,1.0,0.0,0.0,0.0,1.0,0.0,0.0,0.0,0.0,0,0,0,0,1,0.75,4,0.25,0.75,1,1,1,0,1,2,48.8
255,1.0,2.0,1.0,1.0,1.0,1.0,0.0,0.0,0.0,1.0,0.0,0.0,0.0,0.0,0,0,1,0,1,0.5,5,1.0,0.25,1,1,0,0,1,2,48.82
256,2.0,1.0,0.0,0.0,0.0,0.0,1.0,0.0,0.0,1.0,0.0,0.0,0.0,0.0,0,1,0,0,1,0.25,1,0.0,0.5,1,1,0,0,0,1,6.49
257,1.0,1.0,1.0,2.0,2.0,0.0,1.0,0.0,0.0,1.0,0.0,0.0,0.0,0.0,0,0,1,0,0,1.0,9,1.0,0.75,1,1,1,0,1,3,99.79
258,1.0,2.0,2.0,1.0,2.0,0.0,1.0,0.0,0.0,1.0,0.0,0.0,0.0,0.0,0,0,0,0,0,0.0,1,0.0,0.5,1,1,0,0,0,1,5.63
259,0.0,2.0,2.0,2.0,2.0,0.0,0.0,1.0,0.0,0.0,0.0,1.0,0.0,0.0,0,1,1,0,1,1.0,10,0.75,0.75,1,1,1,1,1,3,99.61
260,0.0,2.0,1.0,1.0,2.0,0.0,0.0,1.0,0.0,1.0,0.0,0.0,0.0,0.0,0,0,0,0,0,0.5,3,0.5,0.5,1,1,1,0,0,1,3.46
261,0.0,1.0,0.0,1.0,1.0,0.0,0.0,1.0,0.0,1.0,0.0,0.0,0.0,0.0,0,0,1,0,1,0.5,9,0.75,0.5,1,1,0,1,1,3,98.88
262,1.0,1.0,2.0,0.0,2.0,0.0,0.0,1.0,0.0,0.0,0.0,1.0,0.0,0.0,0,0,0,0,0,0.5,4,0.75,1.0,1,0,0,0,0,2,48.53
263,2.0,2.0,1.0,1.0,2.0,1.0,0.0,0.0,0.0,0.0,0.0,1.0,0.0,0.0,0,0,1,0,1,0.5,4,1.0,0.5,1,1,1,1,1,2,49.05
264,0.0,0.0,1.0,1.0,1.0,0.0,1.0,0.0,0.0,0.0,0.0,1.0,0.0,0.0,0,1,1,0,0,1.0,9,1.0,0.25,1,0,1,0,0,3,99.82
265,3.0,2.0,2.0,2.0,2.0,0.0,0.0,0.0,1.0,0.0,1.0,0.0,0.0,0.0,0,1,1,0,1,1.0,10,1.0,1.0,1,1,1,1,1,3,99.91
266,2.0,1.0,1.0,1.0,0.0,0.0,1.0,0.0,0.0,1.0,0.0,0.0,0.0,0.0,0,1,0,0,1,0.25,3,0.0,0.25,1,1,0,0,0,1,6.34
267,1.0,1.0,1.0,0.0,1.0,0.0,1.0,0.0,0.0,0.0,0.0,0.0,1.0,0.0,0,0,0,0,0,0.5,4,0.0,0.5,0,1,0,0,0,2,48.52
268,2.0,1.0,1.0,1.0,2.0,0.0,0.0,0.0,1.0,1.0,0.0,0.0,0.0,0.0,0,0,0,0,1,0.5,5,0.75,0.5,1,1,0,0,1,2,48.49
269,0.0,1.0,2.0,1.0,2.0,1.0,0.0,0.0,0.0,0.0,1.0,0.0,0.0,0.0,0,1,0,0,0,0.5,3,0.25,1.0,1,1,1,1,1,1,5.87
270,1.0,2.0,1.0,1.0,1.0,0.0,1.0,0.0,0.0,0.0,0.0,1.0,0.0,0.0,0,1,1,0,0,0.75,6,0.5,0.25,1,0,1,0,0,2,49.03
271,0.0,2.0,1.0,1.0,2.0,0.0,0.0,1.0,0.0,0.0,0.0,0.0,1.0,0.0,0,1,0,0,1,0.5,6,0.5,0.75,1,0,1,0,0,2,48.81
272,1.0,2.0,1.0,1.0,1.0,0.0,0.0,0.0,1.0,0.0,0.0,0.0,1.0,0.0,0,0,0,0,0,0.5,2,0.25,0.25,0,0,0,0,0,1,3.82
273,3.0,1.0,1.0,2.0,0.0,0.0,1.0,0.0,0.0,0.0,1.0,0.0,0.0,0.0,0,1,0,0,0,0.25,3,0.0,0.5,1,0,0,0,1,1,5.73
274,1.0,2.0,1.0,0.0,2.0,0.0,0.0,0.0,1.0,1.0,0.0,0.0,0.0,0.0,0,0,0,0,0,0.75,2,0.25,0.5,1,1,0,0,0,1,6.51
275,0.0,2.0,2.0,2.0,2.0,0.0,0.0,1.0,0.0,1.0,0.0,0.0,0.0,0.0,0,1,1,0,1,1.0,7,0.5,1.0,1,1,1,1,1,3,99.56
276,2.0,2.0,2.0,1.0,2.0,0.0,0.0,1.0,0.0,1.0,0.0,0.0,0.0,0.0,0,0,0,0,0,0.75,4,0.5,1.0,1,0,0,0,0,2,48.89
277,1.0,1.0,1.0,0.0,1.0,0.0,1.0,0.0,0.0,0.0,0.0,0.0,1.0,0.0,0,0,0,0,1,0.25,4,0.0,0.5,1,0,0,0,0,2,48.4
278,0.0,0.0,1.0,1.0,1.0,0.0,1.0,0.0,0.0,0.0,0.0,1.0,0.0,0.0,0,1,1,0,0,1.0,9,1.0,0.25,1,0,1,0,0,3,99.82
279,0.0,2.0,2.0,2.0,2.0,0.0,0.0,1.0,0.0,1.0,0.0,0.0,0.0,0.0,0,1,1,0,1,0.75,7,0.5,0.75,1,1,1,1,1,3,99.04
280,0.0,2.0,1.0,1.0,2.0,1.0,0.0,0.0,0.0,0.0,0.0,1.0,0.0,0.0,0,1,0,0,1,0.75,5,0.5,1.0,1,0,0,0,0,2,49.25
281,1.0,1.0,2.0,0.0,2.0,1.0,0.0,0.0,0.0,1.0,0.0,0.0,0.0,0.0,0,1,0,0,0,0.5,4,0.75,1.0,1,0,0,1,0,2,48.84
282,3.0,2.0,1.0,2.0,1.0,0.0,0.0,0.0,1.0,1.0,0.0,0.0,0.0,0.0,0,1,0,0,0,0.5,4,0.5,0.75,1,0,1,0,0,2,48.63
283,0.0,2.0,0.0,1.0,1.0,0.0,0.0,1.0,0.0,1.0,0.0,0.0,0.0,0.0,0,0,0,0,0,0.25,2,0.0,0.5,1,0,0,0,0,1,3.59
284,1.0,1.0,1.0,1.0,1.0,0.0,1.0,0.0,0.0,0.0,0.0,0.0,1.0,0.0,0,1,1,0,1,0.0,10,0.25,0.0,1,0,0,0,0,3,98.85
285,2.0,1.0,1.0,0.0,1.0,1.0,0.0,0.0,0.0,1.0,0.0,0.0,0.0,0.0,0,0,0,0,0,0.5,1,0.5,0.25,0,0,0,0,0,1,4.04
286,2.0,2.0,1.0,1.0,2.0,0.0,0.0,0.0,1.0,0.0,1.0,0.0,0.0,0.0,0,0,0,0,1,0.5,3,0.0,0.5,1,1,0,0,0,1,3.41
287,1.0,1.0,2.0,1.0,2.0,0.0,0.0,1.0,0.0,1.0,0.0,0.0,0.0,0.0,0,0,0,0,0,0.0,9,0.0,0.75,1,1,0,0,0,3,98.76
288,0.0,2.0,1.0,1.0,2.0,0.0,1.0,0.0,0.0,1.0,0.0,0.0,0.0,0.0,0,0,0,0,0,0.5,4,1.0,0.5,1,0,0,0,0,2,48.89
289,1.0,2.0,0.0,1.0,1.0,0.0,1.0,0.0,0.0,0.0,0.0,0.0,1.0,0.0,0,0,0,0,1,0.5,4,0.25,0.25,1,0,0,0,0,2,48.44
290,0.0,0.0,0.0,1.0,1.0,0.0,1.0,0.0,0.0,1.0,0.0,0.0,0.0,0.0,0,1,1,0,0,0.5,10,0.5,0.25,0,0,0,1,1,3,98.97
291,1.0,2.0,2.0,2.0,2.0,0.0,0.0,1.0,0.0,0.0,1.0,0.0,0.0,0.0,0,0,1,0,0,0.25,10,0.75,0.5,1,1,0,1,1,3,98.92
292,1.0,1.0,1.0,0.0,1.0,0.0,1.0,0.0,0.0,0.0,0.0,0.0,1.0,0.0,0,0,0,0,1,0.25,4,0.25,0.5,1,0,0,0,0,2,48.3
293,1.0,1.0,2.0,1.0,2.0,0.0,0.0,1.0,0.0,1.0,0.0,0.0,0.0,0.0,0,1,0,0,1,0.5,6,0.5,0.75,1,1,0,0,1,2,48.66
294,1.0,1.0,1.0,1.0,1.0,0.0,0.0,0.0,1.0,1.0,0.0,0.0,0.0,0.0,0,0,0,0,1,0.25,4,0.5,1.0,0,1,0,1,1,2,48.5
295,2.0,2.0,2.0,2.0,2.0,0.0,0.0,1.0,0.0,0.0,1.0,0.0,0.0,0.0,0,0,1,0,0,0.5,10,0.75,0.75,1,1,0,1,1,3,98.98
296,1.0,2.0,2.0,1.0,2.0,0.0,0.0,1.0,0.0,1.0,0.0,0.0,0.0,0.0,0,1,0,0,0,0.75,9,1.0,0.75,1,0,1,1,1,3,99.28
297,0.0,0.0,0.0,1.0,1.0,0.0,1.0,0.0,0.0,1.0,0.0,0.0,0.0,0.0,0,1,1,0,0,0.75,10,0.75,0.5,0,0,0,1,1,3,99.31
298,2.0,2.0,1.0,1.0,1.0,0.0,0.0,1.0,0.0,0.0,1.0,0.0,0.0,0.0,0,0,0,0,1,0.5,2,0.25,0.5,1,1,0,0,0,1,2.53
299,1.0,1.0,2.0,1.0,2.0,0.0,0.0,1.0,0.0,1.0,0.0,0.0,0.0,0.0,0,1,0,0,1,0.5,6,0.5,0.75,1,1,0,0,1,2,48.66
300,2.0,2.0,1.0,1.0,2.0,1.0,0.0,0.0,0.0,0.0,0.0,1.0,0.0,0.0,0,0,1,0,1,0.5,4,1.0,0.5,1,1,1,1,1,2,49.05
301,1.0,2.0,2.0,1.0,2.0,0.0,0.0,1.0,0.0,0.0,1.0,0.0,0.0,0.0,0,0,1,0,1,0.25,4,0.5,0.5,0,1,0,0,0,2,48.18
302,0.0,0.0,0.0,1.0,1.0,0.0,1.0,0.0,0.0,1.0,0.0,0.0,0.0,0.0,0,1,1,0,0,0.75,10,0.75,0.5,0,0,0,1,1,3,99.31
303,1.0,2.0,2.0,2.0,0.0,0.0,1.0,0.0,0.0,1.0,0.0,0.0,0.0,0.0,0,1,1,0,1,0.75,10,0.75,0.0,1,1,1,1,1,3,99.2
304,2.0,2.0,1.0,2.0,1.0,0.0,1.0,0.0,0.0,1.0,0.0,0.0,0.0,0.0,0,0,0,0,1,0.0,2,0.25,0.25,1,0,0,0,0,1,5.83
305,1.0,1.0,2.0,0.0,2.0,1.0,0.0,0.0,0.0,1.0,0.0,0.0,0.0,0.0,0,1,0,0,0,0.5,4,0.75,1.0,1,0,0,1,0,2,48.84
306,1.0,2.0,1.0,1.0,1.0,0.0,0.0,1.0,0.0,1.0,0.0,0.0,0.0,0.0,0,0,0,0,0,0.25,3,0.25,0.25,1,0,0,0,0,1,2.06
307,1.0,2.0,1.0,1.0,2.0,0.0,0.0,1.0,0.0,0.0,1.0,0.0,0.0,0.0,0,0,0,0,0,0.5,3,0.25,1.0,1,0,0,0,0,1,2.96
308,2.0,2.0,1.0,1.0,2.0,0.0,0.0,0.0,1.0,1.0,0.0,0.0,0.0,0.0,0,0,0,0,0,0.25,2,0.5,1.0,1,1,0,0,0,1,2.82
309,1.0,2.0,1.0,1.0,1.0,1.0,0.0,0.0,0.0,1.0,0.0,0.0,0.0,0.0,0,0,1,0,1,0.5,5,1.0,0.25,1,1,0,0,1,2,48.82
310,1.0,1.0,1.0,0.0,1.0,0.0,0.0,1.0,0.0,0.0,0.0,1.0,0.0,0.0,0,0,0,0,0,0.5,3,0.25,0.5,1,0,1,0,0,1,2.83
311,0.0,0.0,2.0,2.0,1.0,1.0,0.0,0.0,0.0,0.0,0.0,1.0,0.0,0.0,0,0,1,0,0,1.0,10,1.0,0.25,0,1,1,1,0,3,100.0
312,1.0,2.0,2.0,1.0,2.0,0.0,0.0,1.0,0.0,1.0,0.0,0.0,0.0,0.0,0,1,0,0,0,0.75,9,1.0,0.75,1,0,1,1,1,3,99.28
313,3.0,2.0,1.0,2.0,1.0,0.0,0.0,0.0,1.0,1.0,0.0,0.0,0.0,0.0,0,1,0,0,0,0.5,4,0.5,0.75,1,0,1,0,0,2,48.63
314,2.0,2.0,1.0,1.0,2.0,0.0,0.0,1.0,0.0,0.0,1.0,0.0,0.0,0.0,0,0,0,0,1,0.5,3,0.75,0.5,1,1,1,0,0,1,4.55
315,1.0,2.0,2.0,2.0,0.0,0.0,1.0,0.0,0.0,1.0,0.0,0.0,0.0,0.0,0,1,1,0,1,1.0,10,1.0,0.0,1,1,1,1,1,3,99.86
316,2.0,2.0,2.0,2.0,2.0,0.0,1.0,0.0,0.0,0.0,0.0,0.0,1.0,0.0,0,0,0,0,0,0.0,5,1.0,1.0,1,0,0,0,0,2,49.33
317,2.0,2.0,1.0,1.0,2.0,0.0,0.0,1.0,0.0,0.0,1.0,0.0,0.0,0.0,0,0,0,0,0,0.25,3,0.0,0.5,1,1,0,0,0,1,2.88
318,2.0,1.0,1.0,1.0,2.0,0.0,0.0,0.0,1.0,1.0,0.0,0.0,0.0,0.0,0,0,0,0,1,0.5,5,0.75,0.5,1,1,0,0,1,2,48.49
319,1.0,1.0,2.0,1.0,2.0,0.0,0.0,1.0,0.0,1.0,0.0,0.0,0.0,0.0,0,0,0,0,0,0.0,9,0.0,0.5,1,1,0,0,0,3,98.76
320,0.0,1.0,0.0,1.0,1.0,0.0,0.0,1.0,0.0,1.0,0.0,0.0,0.0,0.0,0,0,1,0,1,0.5,9,0.75,0.5,1,1,0,1,1,3,98.88
321,0.0,1.0,2.0,2.0,1.0,1.0,0.0,0.0,0.0,0.0,0.0,1.0,0.0,0.0,0,0,1,0,0,1.0,10,1.0,0.5,0,1,1,1,0,3,99.91
322,1.0,2.0,2.0,1.0,2.0,0.0,0.0,1.0,0.0,1.0,0.0,0.0,0.0,0.0,0,1,0,0,0,0.75,9,1.0,0.75,1,0,1,1,1,3,99.28
323,2.0,2.0,1.0,1.0,2.0,0.0,0.0,1.0,0.0,1.0,0.0,0.0,0.0,0.0,0,0,0,0,0,0.25,3,0.5,0.75,1,0,1,0,0,1,2.48
324,0.0,0.0,2.0,0.0,0.0,0.0,1.0,0.0,0.0,1.0,0.0,0.0,0.0,0.0,0,0,1,0,1,1.0,10,0.0,1.0,1,1,1,0,0,3,99.54
325,1.0,1.0,0.0,1.0,1.0,0.0,0.0,1.0,0.0,0.0,0.0,1.0,0.0,0.0,0,0,0,0,0,0.25,4,0.75,0.75,1,0,1,0,0,2,48.43
326,1.0,2.0,1.0,1.0,2.0,0.0,0.0,0.0,1.0,0.0,0.0,0.0,1.0,0.0,0,0,0,0,0,0.0,10,0.5,0.75,1,1,0,1,0,3,98.9
327,1.0,2.0,1.0,0.0,1.0,0.0,0.0,1.0,0.0,1.0,0.0,0.0,0.0,0.0,0,1,0,0,1,0.5,3,0.5,1.0,1,1,0,1,0,1,7.53
328,1.0,1.0,1.0,1.0,1.0,0.0,0.0,1.0,0.0,1.0,0.0,0.0,0.0,0.0,0,0,1,0,1,0.75,4,0.75,0.75,1,1,1,1,1,2,49.28
329,0.0,2.0,1.0,0.0,2.0,0.0,0.0,1.0,0.0,1.0,0.0,0.0,0.0,0.0,0,0,0,0,1,0.75,7,1.0,0.5,1,0,0,0,0,3,99.15
330,0.0,1.0,1.0,1.0,1.0,1.0,0.0,0.0,0.0,1.0,0.0,0.0,0.0,0.0,0,1,0,0,0,0.0,1,0.5,0.5,1,0,0,0,0,1,5.8
331,1.0,1.0,1.0,0.0,1.0,0.0,0.0,1.0,0.0,0.0,0.0,1.0,0.0,0.0,0,0,0,0,0,0.5,4,0.75,1.0,1,0,1,0,0,2,48.55
332,1.0,1.0,2.0,1.0,2.0,0.0,0.0,1.0,0.0,1.0,0.0,0.0,0.0,0.0,0,0,0,0,0,0.0,8,0.0,0.5,1,1,0,0,0,3,98.76
333,2.0,2.0,1.0,2.0,1.0,0.0,0.0,1.0,0.0,0.0,0.0,1.0,0.0,0.0,0,0,0,0,1,0.5,3,0.75,0.25,1,1,0,0,1,1,5.1
334,0.0,2.0,1.0,1.0,2.0,1.0,0.0,0.0,0.0,1.0,0.0,0.0,0.0,0.0,0,0,0,0,0,0.5,4,0.25,0.5,1,1,1,1,1,2,48.56
335,1.0,0.0,2.0,0.0,0.0,1.0,0.0,0.0,0.0,0.0,0.0,0.0,0.0,1.0,0,0,1,0,0,1.0,6,0.0,0.0,1,0,1,1,1,2,50.72
336,1.0,2.0,1.0,0.0,2.0,1.0,0.0,0.0,0.0,1.0,0.0,0.0,0.0,0.0,0,0,0,0,0,0.25,2,0.25,0.5,1,0,0,0,0,1,1.54
337,1.0,2.0,2.0,1.0,1.0,0.0,1.0,0.0,0.0,1.0,0.0,0.0,0.0,0.0,0,1,0,0,0,0.0,3,0.0,0.25,1,1,0,0,0,1,6.26
338,2.0,2.0,1.0,1.0,2.0,0.0,0.0,1.0,0.0,1.0,0.0,0.0,0.0,0.0,0,0,0,0,0,0.5,3,0.25,0.0,1,1,1,0,0,1,4.22
339,1.0,2.0,2.0,1.0,2.0,0.0,0.0,1.0,0.0,1.0,0.0,0.0,0.0,0.0,0,1,0,0,0,0.75,9,1.0,0.75,1,0,1,1,1,3,99.28
340,2.0,2.0,2.0,2.0,2.0,0.0,1.0,0.0,0.0,0.0,0.0,0.0,1.0,0.0,0,0,0,0,0,0.25,5,1.0,1.0,1,0,0,0,0,2,48.97
341,0.0,2.0,1.0,1.0,2.0,1.0,0.0,0.0,0.0,1.0,0.0,0.0,0.0,0.0,0,0,0,0,1,0.5,4,0.25,0.75,1,1,1,0,1,2,48.27
342,1.0,2.0,1.0,1.0,2.0,1.0,0.0,0.0,0.0,1.0,0.0,0.0,0.0,0.0,0,0,0,0,0,0.25,1,0.75,0.75,1,1,0,0,0,1,3.49
343,1.0,2.0,1.0,1.0,2.0,0.0,0.0,1.0,0.0,0.0,0.0,1.0,0.0,0.0,0,1,1,0,1,0.5,1,0.25,1.0,1,0,1,1,1,1,4.76
344,1.0,2.0,0.0,1.0,2.0,0.0,0.0,1.0,0.0,1.0,0.0,0.0,0.0,0.0,0,0,0,0,0,0.25,3,0.5,1.0,0,1,1,0,1,1,3.22
345,1.0,1.0,2.0,1.0,2.0,0.0,0.0,1.0,0.0,1.0,0.0,0.0,0.0,0.0,0,0,0,0,0,0.0,9,0.0,0.75,1,1,0,0,0,3,98.76
346,0.0,0.0,1.0,1.0,1.0,0.0,1.0,0.0,0.0,0.0,0.0,1.0,0.0,0.0,0,1,1,0,0,1.0,9,1.0,0.25,1,0,1,0,0,3,99.82
347,1.0,2.0,2.0,1.0,2.0,0.0,0.0,1.0,0.0,1.0,0.0,0.0,0.0,0.0,0,1,0,0,1,0.5,3,0.25,0.75,1,1,0,0,0,1,5.27
348,0.0,2.0,1.0,1.0,2.0,0.0,1.0,0.0,0.0,1.0,0.0,0.0,0.0,0.0,0,0,0,0,0,0.5,4,1.0,0.5,1,0,0,0,0,2,48.89
349,1.0,2.0,2.0,2.0,2.0,0.0,0.0,1.0,0.0,0.0,1.0,0.0,0.0,0.0,0,0,1,0,0,0.25,10,0.75,0.5,1,1,0,1,1,3,98.92
350,1.0,1.0,1.0,0.0,2.0,0.0,0.0,1.0,0.0,1.0,0.0,0.0,0.0,0.0,0,1,0,0,0,0.25,8,0.0,0.5,1,1,0,0,0,3,98.61
351,0.0,2.0,2.0,2.0,2.0,0.0,0.0,1.0,0.0,1.0,0.0,0.0,0.0,0.0,0,0,0,0,1,0.5,2,0.5,0.75,1,1,1,0,0,1,3.61
352,1.0,2.0,1.0,2.0,2.0,1.0,0.0,0.0,0.0,0.0,0.0,1.0,0.0,0.0,0,0,1,0,1,0.25,6,0.25,0.5,1,0,0,0,1,2,48.16
353,1.0,1.0,1.0,1.0,1.0,0.0,0.0,1.0,0.0,1.0,0.0,0.0,0.0,0.0,0,0,1,0,1,0.75,4,0.5,1.0,1,1,1,1,1,2,49.15
354,0.0,0.0,1.0,1.0,1.0,0.0,1.0,0.0,0.0,0.0,0.0,1.0,0.0,0.0,0,1,1,0,0,1.0,9,1.0,0.25,1,0,1,0,0,3,99.82
355,1.0,1.0,2.0,0.0,2.0,1.0,0.0,0.0,0.0,1.0,0.0,0.0,0.0,0.0,0,1,0,0,0,0.5,4,0.75,1.0,1,0,0,1,0,2,48.84
356,1.0,2.0,1.0,1.0,1.0,0.0,1.0,0.0,0.0,0.0,0.0,1.0,0.0,0.0,0,1,1,0,0,0.75,6,0.5,0.5,1,0,1,0,0,2,48.98
357,2.0,2.0,2.0,2.0,2.0,0.0,0.0,0.0,1.0,0.0,1.0,0.0,0.0,0.0,0,1,1,0,1,1.0,10,1.0,1.0,1,1,1,1,1,3,99.81
358,1.0,2.0,0.0,1.0,1.0,0.0,1.0,0.0,0.0,0.0,0.0,0.0,1.0,0.0,0,0,0,0,1,0.5,4,0.25,0.25,1,0,0,0,0,2,48.44
359,1.0,2.0,0.0,1.0,2.0,0.0,0.0,1.0,0.0,0.0,0.0,1.0,0.0,0.0,0,0,0,0,1,0.5,2,0.5,0.75,1,1,0,0,1,1,2.83
360,0.0,0.0,0.0,1.0,1.0,0.0,1.0,0.0,0.0,1.0,0.0,0.0,0.0,0.0,0,1,1,0,0,0.5,10,0.5,0.25,0,0,0,1,1,3,98.97
361,0.0,2.0,1.0,1.0,2.0,0.0,1.0,0.0,0.0,1.0,0.0,0.0,0.0,0.0,0,0,0,0,0,0.25,2,0.0,0.25,1,0,0,0,0,1,3.98
362,1.0,2.0,1.0,1.0,2.0,0.0,0.0,1.0,0.0,0.0,0.0,1.0,0.0,0.0,0,0,0,0,1,0.0,10,0.25,0.25,1,0,1,0,0,3,98.71
363,1.0,2.0,1.0,2.0,1.0,0.0,0.0,1.0,0.0,0.0,0.0,1.0,0.0,0.0,0,0,0,0,1,0.25,3,0.25,1.0,1,0,0,0,0,1,2.03
364,1.0,2.0,1.0,1.0,2.0,0.0,0.0,1.0,0.0,1.0,0.0,0.0,0.0,0.0,0,0,0,0,0,0.0,2,0.0,0.0,1,1,0,0,0,1,6.32
365,2.0,1.0,1.0,1.0,2.0,0.0,0.0,0.0,1.0,1.0,0.0,0.0,0.0,0.0,0,0,0,0,1,0.5,5,0.75,0.5,1,1,0,0,1,2,48.49
366,0.0,2.0,2.0,1.0,2.0,0.0,0.0,1.0,0.0,0.0,0.0,0.0,1.0,0.0,0,0,0,0,1,0.5,3,0.5,1.0,1,0,0,0,0,1,4.28
367,2.0,2.0,1.0,2.0,0.0,0.0,0.0,1.0,0.0,1.0,0.0,0.0,0.0,0.0,0,0,0,0,0,0.75,9,0.25,0.0,1,0,0,0,0,3,98.96
368,1.0,2.0,1.0,0.0,1.0,0.0,1.0,0.0,0.0,0.0,0.0,1.0,0.0,0.0,0,0,0,0,0,0.5,3,0.25,0.5,1,0,1,0,0,1,3.13
369,2.0,2.0,2.0,2.0,2.0,0.0,0.0,1.0,0.0,1.0,0.0,0.0,0.0,0.0,0,0,0,0,1,0.5,1,0.25,0.75,1,0,0,0,0,1,2.92
370,2.0,2.0,2.0,1.0,2.0,0.0,0.0,1.0,0.0,1.0,0.0,0.0,0.0,0.0,0,0,0,0,0,0.75,4,0.5,1.0,1,0,0,0,0,2,48.89
371,1.0,2.0,1.0,0.0,1.0,0.0,1.0,0.0,0.0,1.0,0.0,0.0,0.0,0.0,0,0,1,0,1,0.75,6,0.25,0.25,1,1,0,0,0,2,48.88
372,1.0,2.0,2.0,1.0,2.0,0.0,0.0,0.0,1.0,1.0,0.0,0.0,0.0,0.0,0,0,0,0,0,0.25,3,0.5,0.75,1,1,0,1,1,1,4.3
373,1.0,1.0,1.0,2.0,2.0,0.0,1.0,0.0,0.0,1.0,0.0,0.0,0.0,0.0,0,0,1,0,0,1.0,9,1.0,0.75,1,1,1,0,1,3,99.79
374,2.0,2.0,1.0,1.0,2.0,0.0,0.0,0.0,1.0,0.0,1.0,0.0,0.0,0.0,0,0,0,0,1,0.25,3,0.0,1.0,1,0,0,0,0,1,3.18
375,0.0,2.0,2.0,2.0,2.0,0.0,0.0,1.0,0.0,0.0,0.0,1.0,0.0,0.0,0,1,1,0,1,0.75,10,0.75,0.75,1,1,1,1,1,3,99.12
376,2.0,2.0,0.0,1.0,2.0,0.0,0.0,1.0,0.0,0.0,1.0,0.0,0.0,0.0,0,1,0,0,1,0.25,2,0.0,0.75,1,1,0,0,0,1,5.98
377,1.0,1.0,2.0,1.0,1.0,0.0,0.0,1.0,0.0,0.0,0.0,1.0,0.0,0.0,0,0,1,0,0,0.5,4,0.5,0.5,1,0,0,1,0,2,48.76
378,0.0,2.0,2.0,2.0,2.0,0.0,0.0,1.0,0.0,0.0,0.0,1.0,0.0,0.0,0,1,1,0,1,1.0,10,0.75,0.75,1,1,1,1,1,3,99.61
379,0.0,2.0,1.0,1.0,2.0,0.0,0.0,1.0,0.0,0.0,0.0,0.0,1.0,0.0,0,1,0,0,1,0.5,6,0.5,0.75,1,0,1,0,0,2,48.81
380,1.0,2.0,1.0,1.0,0.0,0.0,1.0,0.0,0.0,1.0,0.0,0.0,0.0,0.0,0,1,0,0,0,0.5,1,0.0,0.75,1,1,0,0,0,1,3.99
381,0.0,2.0,2.0,2.0,2.0,0.0,0.0,1.0,0.0,1.0,0.0,0.0,0.0,0.0,0,1,1,0,1,1.0,7,0.5,1.0,1,1,1,1,1,3,99.56
382,2.0,2.0,1.0,2.0,2.0,0.0,0.0,0.0,1.0,0.0,1.0,0.0,0.0,0.0,0,0,0,0,0,0.25,2,0.0,0.75,1,1,0,0,0,1,3.36
383,1.0,1.0,1.0,0.0,1.0,0.0,0.0,1.0,0.0,0.0,1.0,0.0,0.0,0.0,0,0,0,0,1,0.0,7,0.0,0.25,0,1,0,0,0,3,98.8
384,1.0,2.0,1.0,0.0,2.0,0.0,0.0,1.0,0.0,0.0,1.0,0.0,0.0,0.0,0,0,0,0,0,0.75,2,0.5,1.0,1,0,0,0,0,1,7.11
385,2.0,2.0,1.0,1.0,2.0,0.0,0.0,1.0,0.0,0.0,1.0,0.0,0.0,0.0,0,0,0,0,0,0.25,2,0.0,1.0,1,1,0,0,0,1,3.36
386,1.0,2.0,2.0,1.0,2.0,0.0,0.0,1.0,0.0,1.0,0.0,0.0,0.0,0.0,0,1,0,0,1,0.25,8,0.25,0.5,1,1,1,1,0,3,98.84
387,1.0,1.0,1.0,1.0,1.0,0.0,0.0,1.0,0.0,1.0,0.0,0.0,0.0,0.0,0,0,1,0,1,0.75,4,0.5,1.0,1,1,1,1,1,2,49.15
388,2.0,2.0,1.0,2.0,2.0,0.0,0.0,1.0,0.0,0.0,0.0,1.0,0.0,0.0,0,1,1,0,1,0.25,4,0.75,0.5,1,1,1,1,1,2,48.68
389,1.0,1.0,1.0,0.0,1.0,0.0,0.0,1.0,0.0,0.0,1.0,0.0,0.0,0.0,0,0,0,0,1,0.0,7,0.25,0.25,0,1,0,0,0,3,98.75
390,1.0,2.0,1.0,2.0,1.0,0.0,0.0,1.0,0.0,1.0,0.0,0.0,0.0,0.0,0,0,0,0,0,0.25,1,0.25,0.75,1,0,0,0,0,1,2.0
391,1.0,2.0,1.0,1.0,2.0,0.0,0.0,1.0,0.0,0.0,0.0,1.0,0.0,0.0,0,0,0,0,1,0.5,4,0.75,0.75,1,0,0,0,0,2,48.4
392,1.0,2.0,2.0,2.0,0.0,0.0,1.0,0.0,0.0,1.0,0.0,0.0,0.0,0.0,0,1,1,0,1,1.0,10,1.0,0.0,1,1,1,1,1,3,99.86
393,1.0,2.0,1.0,2.0,2.0,0.0,0.0,1.0,0.0,1.0,0.0,0.0,0.0,0.0,0,0,0,0,0,0.0,2,0.5,0.5,1,0,0,0,0,1,5.35
394,1.0,1.0,1.0,1.0,2.0,0.0,0.0,1.0,0.0,1.0,0.0,0.0,0.0,0.0,0,0,1,0,0,0.0,3,0.25,0.75,1,0,1,0,0,1,6.4
395,1.0,2.0,1.0,1.0,2.0,0.0,0.0,1.0,0.0,0.0,0.0,1.0,0.0,0.0,0,0,0,0,1,0.25,10,0.5,0.5,1,0,1,0,0,3,98.53
396,0.0,0.0,2.0,0.0,0.0,0.0,1.0,0.0,0.0,1.0,0.0,0.0,0.0,0.0,0,0,1,0,1,1.0,10,0.0,1.0,1,1,1,0,0,3,99.54
397,2.0,2.0,2.0,2.0,1.0,0.0,0.0,0.0,1.0,0.0,1.0,0.0,0.0,0.0,0,1,1,0,1,1.0,10,1.0,0.75,1,1,1,1,1,3,99.78
398,2.0,1.0,0.0,2.0,2.0,0.0,0.0,1.0,0.0,0.0,1.0,0.0,0.0,0.0,0,0,0,0,0,0.25,2,0.25,0.5,1,0,0,0,0,1,3.14
399,1.0,2.0,2.0,1.0,2.0,0.0,0.0,1.0,0.0,0.0,1.0,0.0,0.0,0.0,0,0,1,0,1,0.25,4,0.5,0.5,0,1,0,0,0,2,48.18
400,1.0,2.0,2.0,2.0,0.0,0.0,1.0,0.0,0.0,1.0,0.0,0.0,0.0,0.0,0,1,1,0,1,1.0,10,0.75,0.0,1,1,1,1,1,3,99.7
401,0.0,0.0,0.0,1.0,1.0,0.0,1.0,0.0,0.0,1.0,0.0,0.0,0.0,0.0,0,1,1,0,0,0.75,10,0.75,0.5,0,0,0,1,1,3,99.31
402,1.0,1.0,1.0,0.0,1.0,0.0,1.0,0.0,0.0,0.0,0.0,0.0,1.0,0.0,0,0,0,0,1,0.25,4,0.0,0.5,1,0,0,0,0,2,48.4
403,2.0,1.0,1.0,1.0,1.0,0.0,0.0,1.0,0.0,0.0,0.0,0.0,0.0,1.0,0,0,0,0,0,0.25,2,0.25,0.75,1,0,0,0,0,1,3.0
404,2.0,2.0,2.0,0.0,1.0,0.0,0.0,1.0,0.0,0.0,1.0,0.0,0.0,0.0,0,1,0,0,1,0.5,2,0.5,0.75,1,0,0,0,0,1,6.12
405,2.0,1.0,1.0,1.0,2.0,1.0,0.0,0.0,0.0,1.0,0.0,0.0,0.0,0.0,0,1,0,0,1,0.5,2,1.0,0.75,1,0,0,0,0,1,8.57
406,2.0,0.0,1.0,1.0,1.0,0.0,0.0,1.0,0.0,0.0,0.0,1.0,0.0,0.0,0,0,1,0,0,0.5,4,0.5,0.25,0,1,1,0,0,2,48.73
407,0.0,0.0,1.0,1.0,1.0,0.0,1.0,0.0,0.0,1.0,0.0,0.0,0.0,0.0,0,1,1,0,0,0.75,10,0.5,0.75,0,0,0,1,1,3,99.19
408,2.0,2.0,2.0,1.0,2.0,0.0,0.0,1.0,0.0,1.0,0.0,0.0,0.0,0.0,0,0,0,0,0,0.75,4,0.25,0.75,1,0,0,0,0,2,48.8
409,2.0,2.0,2.0,2.0,2.0,0.0,0.0,0.0,1.0,0.0,1.0,0.0,0.0,0.0,0,1,1,0,1,1.0,10,1.0,1.0,1,1,1,1,1,3,99.81
410,1.0,1.0,1.0,0.0,1.0,0.0,0.0,1.0,0.0,0.0,1.0,0.0,0.0,0.0,0,0,0,0,1,0.25,7,0.25,0.25,0,1,0,0,0,3,98.57
411,2.0,2.0,1.0,1.0,2.0,1.0,0.0,0.0,0.0,0.0,0.0,1.0,0.0,0.0,0,0,1,0,1,0.5,4,1.0,0.5,1,1,1,1,1,2,49.05
412,1.0,1.0,2.0,0.0,2.0,1.0,0.0,0.0,0.0,1.0,0.0,0.0,0.0,0.0,0,1,0,0,0,0.5,4,0.75,1.0,1,0,0,1,0,2,48.84
413,1.0,2.0,1.0,0.0,1.0,0.0,1.0,0.0,0.0,1.0,0.0,0.0,0.0,0.0,0,0,1,0,1,0.75,6,0.25,0.25,1,1,0,0,0,2,48.88
414,2.0,1.0,0.0,1.0,0.0,0.0,1.0,0.0,0.0,0.0,0.0,0.0,0.0,1.0,0,0,0,0,0,0.0,2,0.0,0.25,1,0,0,0,0,1,7.12
415,2.0,2.0,1.0,1.0,1.0,0.0,1.0,0.0,0.0,1.0,0.0,0.0,0.0,0.0,0,1,0,0,1,0.25,1,0.0,0.75,1,1,0,0,0,1,5.96
416,1.0,1.0,0.0,1.0,1.0,1.0,0.0,0.0,0.0,0.0,1.0,0.0,0.0,0.0,0,0,0,0,1,0.5,2,0.0,1.0,1,1,0,0,1,1,4.08
417,1.0,2.0,0.0,1.0,2.0,0.0,0.0,1.0,0.0,1.0,0.0,0.0,0.0,0.0,0,0,1,0,0,0.25,1,0.25,0.5,1,0,1,0,0,1,4.22
418,1.0,1.0,2.0,1.0,2.0,0.0,0.0,1.0,0.0,1.0,0.0,0.0,0.0,0.0,0,0,0,0,0,0.0,9,0.0,0.75,1,1,0,0,0,3,98.76
419,1.0,2.0,2.0,1.0,1.0,0.0,0.0,1.0,0.0,1.0,0.0,0.0,0.0,0.0,0,0,0,0,0,0.5,3,0.5,0.75,1,1,0,0,0,1,2.75
420,2.0,1.0,1.0,1.0,2.0,0.0,0.0,0.0,1.0,1.0,0.0,0.0,0.0,0.0,0,0,0,0,1,0.5,5,0.75,0.75,1,1,0,0,1,2,48.49
421,1.0,2.0,2.0,2.0,2.0,0.0,0.0,0.0,1.0,0.0,0.0,0.0,1.0,0.0,0,0,1,0,0,0.75,5,0.5,0.75,1,0,0,1,1,2,49.44
422,1.0,1.0,1.0,1.0,1.0,0.0,0.0,0.0,1.0,1.0,0.0,0.0,0.0,0.0,0,0,0,0,1,0.25,4,0.5,1.0,0,1,0,1,1,2,48.5
423,1.0,2.0,2.0,2.0,2.0,0.0,0.0,0.0,1.0,0.0,0.0,0.0,1.0,0.0,0,0,1,0,0,0.75,5,0.75,0.75,1,0,0,1,1,2,49.62
424,1.0,1.0,1.0,1.0,1.0,0.0,1.0,0.0,0.0,0.0,0.0,0.0,1.0,0.0,0,1,1,0,1,0.0,10,0.25,0.0,1,0,0,0,0,3,98.85
425,1.0,1.0,1.0,1.0,1.0,0.0,1.0,0.0,0.0,0.0,0.0,0.0,1.0,0.0,0,1,1,0,1,0.0,10,0.25,0.0,1,0,0,0,0,3,98.85
426,1.0,1.0,1.0,1.0,1.0,0.0,1.0,0.0,0.0,0.0,0.0,0.0,1.0,0.0,0,1,1,0,1,0.0,10,0.25,0.0,1,0,0,0,0,3,98.85
427,1.0,2.0,2.0,1.0,1.0,0.0,0.0,1.0,0.0,1.0,0.0,0.0,0.0,0.0,0,1,0,0,0,0.75,9,1.0,0.5,1,0,1,1,1,3,99.28
428,0.0,2.0,1.0,1.0,2.0,1.0,0.0,0.0,0.0,0.0,0.0,1.0,0.0,0.0,0,1,0,0,1,0.75,5,0.25,1.0,1,0,0,0,0,2,49.21
429,1.0,1.0,1.0,0.0,2.0,0.0,0.0,1.0,0.0,1.0,0.0,0.0,0.0,0.0,0,1,0,0,0,0.25,8,0.0,0.5,1,1,0,0,0,3,98.61
430,1.0,1.0,1.0,1.0,1.0,1.0,0.0,0.0,0.0,1.0,0.0,0.0,0.0,0.0,0,0,1,0,0,0.5,6,0.5,0.5,1,0,0,0,1,2,48.52
431,2.0,2.0,0.0,1.0,2.0,0.0,0.0,0.0,1.0,1.0,0.0,0.0,0.0,0.0,0,0,0,0,1,0.5,3,0.5,0.75,1,1,1,0,1,1,3.54
432,0.0,0.0,2.0,0.0,0.0,0.0,1.0,0.0,0.0,1.0,0.0,0.0,0.0,0.0,0,0,1,0,1,1.0,10,0.0,1.0,1,1,1,0,0,3,99.54
433,0.0,0.0,1.0,1.0,1.0,0.0,1.0,0.0,0.0,0.0,0.0,1.0,0.0,0.0,0,1,1,0,0,1.0,9,1.0,0.25,1,0,1,0,0,3,99.82
434,1.0,2.0,0.0,1.0,1.0,0.0,1.0,0.0,0.0,0.0,0.0,0.0,1.0,0.0,0,0,0,0,1,0.5,4,0.25,0.25,1,0,0,0,0,2,48.44
435,0.0,0.0,1.0,1.0,1.0,0.0,1.0,0.0,0.0,0.0,0.0,1.0,0.0,0.0,0,1,1,0,0,1.0,9,1.0,0.5,1,0,1,0,0,3,99.8
436,0.0,2.0,2.0,2.0,2.0,0.0,0.0,1.0,0.0,1.0,0.0,0.0,0.0,0.0,0,1,1,0,1,1.0,8,0.5,1.0,1,1,1,1,1,3,99.56
437,0.0,0.0,1.0,1.0,1.0,0.0,1.0,0.0,0.0,0.0,0.0,1.0,0.0,0.0,0,1,1,0,0,1.0,9,1.0,0.25,1,0,1,0,0,3,99.82
438,2.0,1.0,1.0,1.0,2.0,0.0,0.0,0.0,1.0,1.0,0.0,0.0,0.0,0.0,0,0,0,0,1,0.5,5,0.75,0.5,1,1,0,0,1,2,48.49
439,1.0,2.0,1.0,1.0,2.0,0.0,0.0,1.0,0.0,0.0,0.0,1.0,0.0,0.0,0,0,0,0,1,0.0,10,0.25,0.5,1,0,1,0,0,3,98.69
440,1.0,0.0,1.0,0.0,1.0,0.0,1.0,0.0,0.0,0.0,1.0,0.0,0.0,0.0,0,0,0,0,0,0.75,3,0.5,0.25,1,0,0,1,1,1,9.33
441,2.0,2.0,2.0,2.0,2.0,0.0,1.0,0.0,0.0,0.0,0.0,0.0,1.0,0.0,0,0,0,0,0,0.0,5,1.0,1.0,1,0,0,0,0,2,49.33
442,1.0,1.0,1.0,0.0,1.0,0.0,0.0,1.0,0.0,0.0,0.0,1.0,0.0,0.0,0,0,0,0,0,0.5,4,0.75,1.0,1,0,1,0,0,2,48.55
443,1.0,2.0,2.0,2.0,2.0,0.0,0.0,1.0,0.0,0.0,0.0,0.0,1.0,0.0,0,1,0,0,1,0.25,2,0.25,1.0,1,1,0,0,0,1,5.94
444,2.0,2.0,1.0,2.0,2.0,0.0,0.0,1.0,0.0,0.0,0.0,1.0,0.0,0.0,0,1,1,0,1,0.0,4,0.75,0.5,1,1,1,1,1,2,49.04
445,0.0,2.0,1.0,1.0,2.0,1.0,0.0,0.0,0.0,0.0,0.0,1.0,0.0,0.0,0,1,0,0,1,0.75,5,0.25,1.0,1,0,0,0,0,2,49.21
446,1.0,2.0,2.0,1.0,1.0,0.0,1.0,0.0,0.0,0.0,0.0,1.0,0.0,0.0,0,0,0,0,1,0.5,5,0.5,0.5,1,0,0,0,0,2,48.27
447,0.0,2.0,1.0,0.0,2.0,0.0,0.0,1.0,0.0,1.0,0.0,0.0,0.0,0.0,0,0,0,0,1,0.75,7,0.75,0.5,1,0,0,0,0,3,98.98
448,0.0,2.0,1.0,1.0,2.0,1.0,0.0,0.0,0.0,1.0,0.0,0.0,0.0,0.0,0,0,0,0,1,0.5,4,0.25,0.75,1,1,1,0,1,2,48.27
449,2.0,2.0,2.0,0.0,2.0,0.0,0.0,1.0,0.0,1.0,0.0,0.0,0.0,0.0,0,0,0,0,0,0.25,3,0.75,0.75,1,1,0,0,0,1,4.16
450,1.0,2.0,2.0,1.0,1.0,0.0,1.0,0.0,0.0,0.0,0.0,1.0,0.0,0.0,0,0,0,0,1,0.5,5,0.5,0.5,1,0,0,0,0,2,48.27
451,1.0,2.0,2.0,2.0,0.0,0.0,1.0,0.0,0.0,1.0,0.0,0.0,0.0,0.0,0,1,1,0,1,1.0,10,1.0,0.0,1,1,1,1,1,3,99.86
452,1.0,2.0,1.0,0.0,1.0,0.0,0.0,1.0,0.0,1.0,0.0,0.0,0.0,0.0,0,1,0,0,1,0.25,2,0.25,0.5,1,1,0,0,0,1,4.95
453,1.0,2.0,1.0,1.0,1.0,1.0,0.0,0.0,0.0,1.0,0.0,0.0,0.0,0.0,0,0,1,0,1,0.5,5,1.0,0.25,1,1,0,0,1,2,48.82
454,0.0,0.0,0.0,1.0,1.0,0.0,1.0,0.0,0.0,1.0,0.0,0.0,0.0,0.0,0,1,1,0,0,0.75,10,0.75,0.5,0,0,0,1,1,3,99.31
455,1.0,1.0,1.0,0.0,1.0,0.0,0.0,1.0,0.0,0.0,0.0,1.0,0.0,0.0,0,0,0,0,0,0.5,4,0.75,1.0,1,0,1,0,0,2,48.55
456,2.0,2.0,1.0,2.0,2.0,0.0,0.0,1.0,0.0,0.0,0.0,1.0,0.0,0.0,0,0,0,0,1,0.75,2,0.5,0.5,1,0,0,0,0,1,6.83
457,1.0,2.0,1.0,1.0,1.0,1.0,0.0,0.0,0.0,1.0,0.0,0.0,0.0,0.0,0,0,1,0,1,0.5,5,1.0,0.25,1,1,0,0,1,2,48.82
458,1.0,2.0,1.0,0.0,2.0,0.0,0.0,1.0,0.0,0.0,0.0,1.0,0.0,0.0,0,1,0,0,0,0.75,6,0.25,1.0,0,0,1,0,0,2,48.89
459,0.0,0.0,0.0,0.0,0.0,1.0,0.0,0.0,0.0,0.0,0.0,0.0,1.0,0.0,0,1,1,0,1,0.0,1,0.0,0.0,1,1,1,1,1,1,9.34
460,0.0,0.0,2.0,1.0,1.0,1.0,0.0,0.0,0.0,0.0,0.0,1.0,0.0,0.0,0,0,1,0,0,1.0,10,0.5,0.5,0,1,1,1,0,3,99.69
461,2.0,2.0,1.0,1.0,2.0,0.0,1.0,0.0,0.0,1.0,0.0,0.0,0.0,0.0,0,0,0,0,1,0.0,1,0.0,0.75,1,1,0,0,0,1,5.7
462,1.0,2.0,1.0,1.0,2.0,0.0,0.0,1.0,0.0,0.0,0.0,1.0,0.0,0.0,0,0,0,0,1,0.25,10,0.5,0.5,1,0,1,0,0,3,98.53
463,1.0,2.0,1.0,1.0,2.0,0.0,0.0,1.0,0.0,0.0,0.0,0.0,1.0,0.0,0,0,0,0,0,0.25,1,0.25,0.25,1,1,0,0,0,1,2.85
464,1.0,1.0,1.0,0.0,1.0,0.0,1.0,0.0,0.0,1.0,0.0,0.0,0.0,0.0,0,0,0,0,0,0.5,10,0.25,0.75,1,1,0,1,1,3,98.75
465,1.0,1.0,1.0,2.0,2.0,0.0,1.0,0.0,0.0,1.0,0.0,0.0,0.0,0.0,0,0,1,0,0,1.0,9,1.0,1.0,1,1,1,0,1,3,99.82
466,1.0,2.0,1.0,1.0,2.0,0.0,0.0,1.0,0.0,0.0,1.0,0.0,0.0,0.0,0,0,0,0,1,0.5,3,0.75,1.0,1,0,1,0,0,1,4.69
467,1.0,1.0,1.0,1.0,1.0,0.0,1.0,0.0,0.0,1.0,0.0,0.0,0.0,0.0,0,0,0,0,0,0.25,2,0.25,0.0,1,0,0,0,0,1,3.73
468,0.0,2.0,2.0,0.0,1.0,0.0,0.0,1.0,0.0,0.0,1.0,0.0,0.0,0.0,0,1,0,0,0,0.25,2,0.0,1.0,1,1,0,0,0,1,4.22
469,1.0,1.0,2.0,1.0,2.0,0.0,0.0,1.0,0.0,1.0,0.0,0.0,0.0,0.0,0,0,1,0,1,0.0,1,0.5,0.75,1,0,1,0,0,1,5.16
470,1.0,2.0,1.0,1.0,2.0,0.0,0.0,1.0,0.0,0.0,0.0,1.0,0.0,0.0,0,0,0,0,1,0.5,4,0.75,0.75,1,0,0,0,0,2,48.4
471,1.0,1.0,2.0,1.0,1.0,0.0,0.0,1.0,0.0,0.0,1.0,0.0,0.0,0.0,0,0,0,0,0,0.25,3,0.25,0.75,1,1,1,0,0,1,1.79
472,0.0,2.0,1.0,1.0,2.0,1.0,0.0,0.0,0.0,1.0,0.0,0.0,0.0,0.0,0,0,0,0,0,0.5,5,0.75,0.5,1,0,0,0,1,2,48.52
473,0.0,2.0,1.0,2.0,2.0,0.0,0.0,1.0,0.0,0.0,0.0,0.0,1.0,0.0,0,0,1,0,1,0.25,1,0.25,0.5,1,1,0,0,0,1,3.34
474,1.0,2.0,1.0,1.0,2.0,0.0,0.0,1.0,0.0,0.0,0.0,1.0,0.0,0.0,0,0,0,0,1,0.25,4,0.75,1.0,1,0,0,0,0,2,48.37
475,0.0,1.0,0.0,1.0,1.0,0.0,0.0,1.0,0.0,1.0,0.0,0.0,0.0,0.0,0,0,1,0,1,0.5,9,0.75,0.5,1,1,0,1,1,3,98.88
476,1.0,2.0,1.0,1.0,2.0,0.0,0.0,1.0,0.0,0.0,1.0,0.0,0.0,0.0,0,0,0,0,1,0.0,3,0.25,1.0,1,1,0,0,0,1,4.88
477,1.0,2.0,1.0,1.0,2.0,1.0,0.0,0.0,0.0,1.0,0.0,0.0,0.0,0.0,0,0,0,0,0,0.5,5,0.25,0.75,1,0,0,0,0,2,48.21
478,1.0,1.0,1.0,0.0,1.0,0.0,0.0,1.0,0.0,0.0,1.0,0.0,0.0,0.0,0,0,0,0,1,0.0,7,0.0,0.25,0,1,0,0,0,3,98.8
479,2.0,2.0,1.0,1.0,2.0,0.0,0.0,0.0,1.0,1.0,0.0,0.0,0.0,0.0,0,0,0,0,1,0.25,2,0.0,1.0,1,0,0,0,1,1,3.21
480,1.0,1.0,1.0,2.0,2.0,0.0,1.0,0.0,0.0,1.0,0.0,0.0,0.0,0.0,0,0,1,0,0,1.0,9,1.0,1.0,1,1,1,0,1,3,99.82
481,1.0,2.0,1.0,1.0,2.0,1.0,0.0,0.0,0.0,1.0,0.0,0.0,0.0,0.0,0,0,0,0,0,0.5,5,0.25,0.75,1,0,0,0,0,2,48.21
482,0.0,0.0,1.0,1.0,1.0,0.0,1.0,0.0,0.0,0.0,0.0,1.0,0.0,0.0,0,1,1,0,0,1.0,9,0.75,0.25,1,0,1,0,0,3,99.66
483,1.0,1.0,2.0,1.0,2.0,0.0,0.0,1.0,0.0,1.0,0.0,0.0,0.0,0.0,0,1,0,0,1,0.5,6,0.5,0.75,1,1,0,0,1,2,48.66
484,1.0,2.0,1.0,1.0,2.0,0.0,0.0,1.0,0.0,0.0,0.0,1.0,0.0,0.0,0,0,0,0,1,0.5,4,0.75,1.0,1,0,0,0,0,2,48.46
485,2.0,2.0,2.0,1.0,2.0,0.0,0.0,1.0,0.0,1.0,0.0,0.0,0.0,0.0,0,0,0,0,0,0.75,4,0.5,1.0,1,0,0,0,0,2,48.89
486,2.0,2.0,1.0,1.0,2.0,0.0,0.0,1.0,0.0,1.0,0.0,0.0,0.0,0.0,0,0,0,0,1,0.5,1,0.5,0.5,1,0,0,0,0,1,2.89
487,1.0,2.0,1.0,1.0,2.0,0.0,0.0,1.0,0.0,1.0,0.0,0.0,0.0,0.0,0,0,0,0,0,0.5,2,0.25,0.5,1,1,0,0,0,1,2.27
488,1.0,2.0,1.0,0.0,1.0,0.0,0.0,1.0,0.0,0.0,1.0,0.0,0.0,0.0,0,1,0,0,1,0.25,2,0.25,1.0,1,0,0,0,0,1,5.41
489,1.0,1.0,1.0,1.0,1.0,0.0,0.0,0.0,1.0,1.0,0.0,0.0,0.0,0.0,0,0,0,0,1,0.25,4,0.5,1.0,0,1,0,1,1,2,48.5
490,0.0,1.0,2.0,1.0,2.0,0.0,0.0,1.0,0.0,0.0,1.0,0.0,0.0,0.0,0,0,1,0,1,0.5,3,0.25,0.75,1,1,0,0,1,1,3.2
491,1.0,2.0,1.0,1.0,2.0,0.0,0.0,1.0,0.0,0.0,0.0,1.0,0.0,0.0,0,0,0,0,1,0.0,10,0.25,0.25,1,0,1,0,0,3,98.71
492,1.0,1.0,1.0,0.0,1.0,0.0,0.0,1.0,0.0,0.0,0.0,1.0,0.0,0.0,0,0,0,0,1,0.25,3,0.5,0.75,1,1,0,0,0,1,1.82
493,2.0,2.0,1.0,2.0,0.0,0.0,0.0,1.0,0.0,1.0,0.0,0.0,0.0,0.0,0,0,0,0,0,0.5,9,0.25,0.0,1,0,0,0,0,3,98.69
494,0.0,2.0,2.0,1.0,2.0,1.0,0.0,0.0,0.0,0.0,0.0,0.0,1.0,0.0,0,1,0,0,1,0.25,5,0.5,0.5,1,0,1,1,1,2,48.97
495,1.0,2.0,1.0,1.0,2.0,0.0,1.0,0.0,0.0,0.0,1.0,0.0,0.0,0.0,0,0,0,0,0,0.5,2,0.0,1.0,1,1,1,0,1,1,4.35
496,0.0,1.0,0.0,1.0,1.0,0.0,0.0,1.0,0.0,1.0,0.0,0.0,0.0,0.0,0,0,1,0,1,0.5,9,0.75,0.5,1,1,0,1,1,3,98.88
497,1.0,1.0,1.0,2.0,2.0,0.0,1.0,0.0,0.0,1.0,0.0,0.0,0.0,0.0,0,0,1,0,0,1.0,9,1.0,1.0,1,1,1,0,1,3,99.82
498,1.0,1.0,1.0,2.0,2.0,0.0,1.0,0.0,0.0,1.0,0.0,0.0,0.0,0.0,0,0,1,0,0,0.75,9,1.0,1.0,1,1,1,0,1,3,99.33
499,2.0,2.0,0.0,1.0,2.0,0.0,0.0,1.0,0.0,1.0,0.0,0.0,0.0,0.0,0,0,0,0,0,0.0,3,0.25,1.0,1,1,1,0,0,1,5.71
500,2.0,2.0,0.0,0.0,2.0,0.0,0.0,0.0,1.0,1.0,0.0,0.0,0.0,0.0,0,0,0,0,1,0.5,1,0.25,0.25,1,1,0,0,0,1,3.66
501,1.0,2.0,1.0,1.0,1.0,0.0,0.0,1.0,0.0,0.0,0.0,1.0,0.0,0.0,0,0,0,0,1,0.5,5,0.25,0.5,1,0,0,0,0,2,48.18
502,1.0,2.0,1.0,1.0,2.0,0.0,0.0,0.0,1.0,0.0,0.0,0.0,1.0,0.0,0,0,0,0,0,0.0,10,0.5,1.0,1,1,0,1,0,3,98.93
503,1.0,0.0,2.0,0.0,0.0,1.0,0.0,0.0,0.0,0.0,0.0,0.0,0.0,1.0,0,0,1,0,0,0.75,5,0.25,0.25,1,0,1,1,1,2,49.56
504,1.0,1.0,1.0,1.0,1.0,0.0,0.0,0.0,1.0,1.0,0.0,0.0,0.0,0.0,0,0,0,0,1,0.25,4,0.5,0.75,0,1,0,1,1,2,48.45
505,1.0,2.0,1.0,1.0,2.0,0.0,0.0,1.0,0.0,0.0,0.0,1.0,0.0,0.0,0,0,0,0,1,0.0,10,0.25,0.5,1,0,1,0,0,3,98.69
506,2.0,1.0,2.0,0.0,1.0,1.0,0.0,0.0,0.0,1.0,0.0,0.0,0.0,0.0,0,0,1,0,1,0.75,3,0.0,0.25,1,1,0,0,0,1,7.52
